,Time,JobType,Event,Job,Machine,Queue,Memo
0,1.02,6.0,Created,Job 6-0,,,
1,1.02,6.0,Put in Routing Class,Job 6-0,,1.0,
2,1.02,6.0,Routing Start,Job 6-0,,,"3.675,  machine 선택"
3,1.02,6.0,Routing Finish,Job 6-0,Machine 7,,
4,1.02,6.0,Work Start,Job 6-0,Machine 7,,
5,1.13,9.0,Created,Job 9-3,,,
6,1.13,9.0,Put in Routing Class,Job 9-3,,1.0,
7,1.13,9.0,Routing Start,Job 9-3,,,"3.675,  machine 선택"
8,1.13,9.0,Routing Finish,Job 9-3,Machine 4,,
9,1.13,9.0,Work Start,Job 9-3,Machine 4,,
10,1.15,5.0,Created,Job 5-26,,,
11,1.15,5.0,Put in Routing Class,Job 5-26,,1.0,
12,1.15,5.0,Routing Start,Job 5-26,,,"3.675,  machine 선택"
13,1.15,5.0,Routing Finish,Job 5-26,Machine 6,,
14,1.15,5.0,Work Start,Job 5-26,Machine 6,,
15,1.24,3.0,Created,Job 3-4,,,
16,1.24,3.0,Put in Routing Class,Job 3-4,,1.0,
17,1.24,3.0,Routing Start,Job 3-4,,,"3.675,  machine 선택"
18,1.24,3.0,Routing Finish,Job 3-4,Machine 3,,
19,1.24,3.0,Work Start,Job 3-4,Machine 3,,
20,1.31,1.0,Created,Job 1-7,,,
21,1.31,1.0,Put in Routing Class,Job 1-7,,1.0,
22,1.31,1.0,Routing Start,Job 1-7,,,"3.675,  machine 선택"
23,1.31,1.0,Routing Finish,Job 1-7,Machine 1,,
24,1.31,1.0,Work Start,Job 1-7,Machine 1,,
25,1.43,7.0,Created,Job 7-8,,,
26,1.43,7.0,Put in Routing Class,Job 7-8,,1.0,
27,1.43,7.0,Routing Start,Job 7-8,,,"3.675,  machine 선택"
28,1.43,7.0,Routing Finish,Job 7-8,Machine 0,,
29,1.43,7.0,Work Start,Job 7-8,Machine 0,,
30,1.53,2.0,Created,Job 2-17,,,
31,1.53,2.0,Put in Routing Class,Job 2-17,,1.0,
32,1.53,2.0,Routing Start,Job 2-17,,,"3.675,  machine 선택"
33,1.53,2.0,Routing Finish,Job 2-17,Machine 2,,
34,1.53,2.0,Work Start,Job 2-17,Machine 2,,
35,1.87,4.0,Created,Job 4-1,,,
36,1.87,4.0,Put in Routing Class,Job 4-1,,1.0,
37,1.87,4.0,Routing Start,Job 4-1,,,"3.675,  machine 선택"
38,1.87,4.0,Routing Finish,Job 4-1,Machine 5,,
39,1.87,4.0,Work Start,Job 4-1,Machine 5,,
40,1.97,8.0,Created,Job 8-22,,,
41,1.97,8.0,Put in Routing Class,Job 8-22,,1.0,
42,2.29,5.0,Created,Job 5-46,,,
43,2.29,5.0,Put in Routing Class,Job 5-46,,2.0,
44,2.53,0.0,Created,Job 0-2,,,
45,2.53,0.0,Put in Routing Class,Job 0-2,,3.0,
46,2.69,2.0,Created,Job 2-21,,,
47,2.69,2.0,Put in Routing Class,Job 2-21,,4.0,
48,3.15,7.0,Created,Job 7-10,,,
49,3.15,7.0,Put in Routing Class,Job 7-10,,5.0,
50,3.41,6.0,Created,Job 6-5,,,
51,3.41,6.0,Put in Routing Class,Job 6-5,,6.0,
52,3.43,1.0,Created,Job 1-9,,,
53,3.43,1.0,Put in Routing Class,Job 1-9,,7.0,
54,3.67,9.0,Created,Job 9-16,,,
55,3.67,9.0,Put in Routing Class,Job 9-16,,8.0,
56,3.93,5.0,Created,Job 5-58,,,
57,3.93,5.0,Put in Routing Class,Job 5-58,,9.0,
58,4.21,7.0,Created,Job 7-15,,,
59,4.21,7.0,Put in Routing Class,Job 7-15,,10.0,
60,4.42,4.0,Created,Job 4-6,,,
61,4.42,4.0,Put in Routing Class,Job 4-6,,11.0,
62,4.51,2.0,Created,Job 2-38,,,
63,4.51,2.0,Put in Routing Class,Job 2-38,,12.0,
64,4.65,3.0,Created,Job 3-13,,,
65,4.65,3.0,Put in Routing Class,Job 3-13,,13.0,
66,4.87,1.0,Created,Job 1-11,,,
67,4.87,1.0,Put in Routing Class,Job 1-11,,14.0,
68,4.94,1.0,Work Finish,Job 1-7,Machine 1,,
69,4.94,1.0,Completed,Job 1-7,,,0
70,4.94,,Request Routing for Job,,Machine 1,14.0,
71,4.94,,Routing Start,,Machine 1,,3.675 Job 선택
72,4.94,7.0,Routing Finish,Job 7-10,Machine 1,,
73,4.94,7.0,Work Start,Job 7-10,Machine 1,,
74,5.02,6.0,Created,Job 6-28,,,
75,5.02,6.0,Put in Routing Class,Job 6-28,,14.0,
76,5.2,5.0,Created,Job 5-62,,,
77,5.2,5.0,Put in Routing Class,Job 5-62,,15.0,
78,5.25,9.0,Created,Job 9-24,,,
79,5.25,9.0,Put in Routing Class,Job 9-24,,16.0,
80,5.43,4.0,Work Finish,Job 4-1,Machine 5,,
81,5.43,4.0,Completed,Job 4-1,,,0
82,5.43,,Request Routing for Job,,Machine 5,16.0,
83,5.43,,Routing Start,,Machine 5,,3.675 Job 선택
84,5.43,7.0,Routing Finish,Job 7-15,Machine 5,,
85,5.43,7.0,Work Start,Job 7-15,Machine 5,,
86,5.51,7.0,Created,Job 7-27,,,
87,5.51,7.0,Put in Routing Class,Job 7-27,,16.0,
88,5.54,4.0,Created,Job 4-12,,,
89,5.54,4.0,Put in Routing Class,Job 4-12,,17.0,
90,5.83,2.0,Created,Job 2-39,,,
91,5.83,2.0,Put in Routing Class,Job 2-39,,18.0,
92,5.84,8.0,Created,Job 8-93,,,
93,5.84,8.0,Put in Routing Class,Job 8-93,,19.0,
94,6.03,3.0,Work Finish,Job 3-4,Machine 3,,
95,6.03,3.0,Completed,Job 3-4,,,0
96,6.03,,Request Routing for Job,,Machine 3,19.0,
97,6.03,,Routing Start,,Machine 3,,3.675 Job 선택
98,6.03,3.0,Routing Finish,Job 3-13,Machine 3,,
99,6.03,3.0,Work Start,Job 3-13,Machine 3,,
100,6.2,3.0,Created,Job 3-18,,,
101,6.2,3.0,Put in Routing Class,Job 3-18,,19.0,
102,6.36,0.0,Created,Job 0-14,,,
103,6.36,0.0,Put in Routing Class,Job 0-14,,20.0,
104,6.47,5.0,Work Finish,Job 5-26,Machine 6,,
105,6.47,5.0,Completed,Job 5-26,,,0
106,6.47,,Request Routing for Job,,Machine 6,20.0,
107,6.47,,Routing Start,,Machine 6,,3.675 Job 선택
108,6.47,0.0,Routing Finish,Job 0-2,Machine 6,,
109,6.47,0.0,Work Start,Job 0-2,Machine 6,,
110,6.82,6.0,Created,Job 6-41,,,
111,6.82,6.0,Put in Routing Class,Job 6-41,,20.0,
112,6.96,8.0,Created,Job 8-103,,,
113,6.96,8.0,Put in Routing Class,Job 8-103,,21.0,
114,6.96,5.0,Created,Job 5-66,,,
115,6.96,5.0,Put in Routing Class,Job 5-66,,22.0,
116,7.05,2.0,Created,Job 2-55,,,
117,7.05,2.0,Put in Routing Class,Job 2-55,,23.0,
118,7.06,7.0,Work Finish,Job 7-8,Machine 0,,
119,7.06,7.0,Completed,Job 7-8,,,0
120,7.06,,Request Routing for Job,,Machine 0,23.0,
121,7.06,,Routing Start,,Machine 0,,3.675 Job 선택
122,7.06,0.0,Routing Finish,Job 0-14,Machine 0,,
123,7.06,0.0,Work Start,Job 0-14,Machine 0,,
124,7.16,6.0,Work Finish,Job 6-0,Machine 7,,
125,7.16,6.0,Completed,Job 6-0,,,0
126,7.16,,Request Routing for Job,,Machine 7,22.0,
127,7.16,,Routing Start,,Machine 7,,3.675 Job 선택
128,7.16,3.0,Routing Finish,Job 3-18,Machine 7,,
129,7.16,3.0,Work Start,Job 3-18,Machine 7,,
130,7.75,3.0,Created,Job 3-19,,,
131,7.75,3.0,Put in Routing Class,Job 3-19,,22.0,
132,7.85,7.0,Created,Job 7-35,,,
133,7.85,7.0,Put in Routing Class,Job 7-35,,23.0,
134,7.97,4.0,Created,Job 4-20,,,
135,7.97,4.0,Put in Routing Class,Job 4-20,,24.0,
136,8.24,1.0,Created,Job 1-49,,,
137,8.24,1.0,Put in Routing Class,Job 1-49,,25.0,
138,8.44,5.0,Created,Job 5-85,,,
139,8.44,5.0,Put in Routing Class,Job 5-85,,26.0,
140,8.5,8.0,Created,Job 8-130,,,
141,8.5,8.0,Put in Routing Class,Job 8-130,,27.0,
142,8.73,6.0,Created,Job 6-47,,,
143,8.73,6.0,Put in Routing Class,Job 6-47,,28.0,
144,9.05,2.0,Created,Job 2-68,,,
145,9.05,2.0,Put in Routing Class,Job 2-68,,29.0,
146,9.29,9.0,Created,Job 9-32,,,
147,9.29,9.0,Put in Routing Class,Job 9-32,,30.0,
148,9.35,3.0,Created,Job 3-23,,,
149,9.35,3.0,Put in Routing Class,Job 3-23,,31.0,
150,9.58,4.0,Created,Job 4-31,,,
151,9.58,4.0,Put in Routing Class,Job 4-31,,32.0,
152,9.66,5.0,Created,Job 5-102,,,
153,9.66,5.0,Put in Routing Class,Job 5-102,,33.0,
154,9.71,0.0,Work Finish,Job 0-14,Machine 0,,
155,9.71,0.0,Completed,Job 0-14,,,0
156,9.71,,Request Routing for Job,,Machine 0,33.0,
157,9.71,,Routing Start,,Machine 0,,3.675 Job 선택
158,9.71,3.0,Routing Finish,Job 3-19,Machine 0,,
159,9.71,3.0,Work Start,Job 3-19,Machine 0,,
160,9.8,8.0,Created,Job 8-143,,,
161,9.8,8.0,Put in Routing Class,Job 8-143,,33.0,
162,10.51,7.0,Created,Job 7-61,,,
163,10.51,7.0,Put in Routing Class,Job 7-61,,34.0,
164,10.64,9.0,Created,Job 9-36,,,
165,10.64,9.0,Put in Routing Class,Job 9-36,,35.0,
166,10.72,3.0,Work Finish,Job 3-19,Machine 0,,
167,10.72,3.0,Completed,Job 3-19,,,0
168,10.72,,Request Routing for Job,,Machine 0,35.0,
169,10.72,,Routing Start,,Machine 0,,3.675 Job 선택
170,10.72,7.0,Routing Finish,Job 7-27,Machine 0,,
171,10.72,7.0,Work Start,Job 7-27,Machine 0,,
172,10.81,3.0,Work Finish,Job 3-13,Machine 3,,
173,10.81,3.0,Completed,Job 3-13,,,0
174,10.81,,Request Routing for Job,,Machine 3,34.0,
175,10.81,,Routing Start,,Machine 3,,3.675 Job 선택
176,10.81,3.0,Routing Finish,Job 3-23,Machine 3,,
177,10.81,3.0,Work Start,Job 3-23,Machine 3,,
178,10.81,8.0,Created,Job 8-147,,,
179,10.81,8.0,Put in Routing Class,Job 8-147,,34.0,
180,10.82,7.0,Work Finish,Job 7-10,Machine 1,,
181,10.82,7.0,Completed,Job 7-10,,,0
182,10.82,,Request Routing for Job,,Machine 1,34.0,
183,10.82,,Routing Start,,Machine 1,,3.675 Job 선택
184,10.82,7.0,Routing Finish,Job 7-35,Machine 1,,
185,10.82,7.0,Work Start,Job 7-35,Machine 1,,
186,10.9,3.0,Created,Job 3-25,,,
187,10.9,3.0,Put in Routing Class,Job 3-25,,34.0,
188,11.16,0.0,Work Finish,Job 0-2,Machine 6,,
189,11.16,0.0,Completed,Job 0-2,,,0
190,11.16,,Request Routing for Job,,Machine 6,34.0,
191,11.16,,Routing Start,,Machine 6,,3.675 Job 선택
192,11.16,5.0,Routing Finish,Job 5-46,Machine 6,,
193,11.16,5.0,Work Start,Job 5-46,Machine 6,,
194,11.35,6.0,Created,Job 6-53,,,
195,11.35,6.0,Put in Routing Class,Job 6-53,,34.0,
196,11.44,0.0,Created,Job 0-34,,,
197,11.44,0.0,Put in Routing Class,Job 0-34,,35.0,
198,11.68,9.0,Created,Job 9-56,,,
199,11.68,9.0,Put in Routing Class,Job 9-56,,36.0,
200,11.77,7.0,Created,Job 7-72,,,
201,11.77,7.0,Put in Routing Class,Job 7-72,,37.0,
202,11.77,7.0,Work Finish,Job 7-15,Machine 5,,
203,11.77,7.0,Completed,Job 7-15,,,0
204,11.77,,Request Routing for Job,,Machine 5,37.0,
205,11.77,,Routing Start,,Machine 5,,3.675 Job 선택
206,11.77,7.0,Routing Finish,Job 7-61,Machine 5,,
207,11.77,7.0,Work Start,Job 7-61,Machine 5,,
208,12.28,3.0,Created,Job 3-29,,,
209,12.28,3.0,Put in Routing Class,Job 3-29,,37.0,
210,12.4,5.0,Created,Job 5-105,,,
211,12.4,5.0,Put in Routing Class,Job 5-105,,38.0,
212,12.47,0.0,Created,Job 0-43,,,
213,12.47,0.0,Put in Routing Class,Job 0-43,,39.0,
214,12.7,3.0,Work Finish,Job 3-18,Machine 7,,
215,12.7,3.0,Completed,Job 3-18,,,0
216,12.7,,Request Routing for Job,,Machine 7,39.0,
217,12.7,,Routing Start,,Machine 7,,3.675 Job 선택
218,12.7,3.0,Routing Finish,Job 3-25,Machine 7,,
219,12.7,3.0,Work Start,Job 3-25,Machine 7,,
220,12.77,4.0,Created,Job 4-33,,,
221,12.77,4.0,Put in Routing Class,Job 4-33,,39.0,
222,13.5,2.0,Created,Job 2-78,,,
223,13.5,2.0,Put in Routing Class,Job 2-78,,40.0,
224,13.51,7.0,Created,Job 7-98,,,
225,13.51,7.0,Put in Routing Class,Job 7-98,,41.0,
226,13.55,5.0,Created,Job 5-108,,,
227,13.55,5.0,Put in Routing Class,Job 5-108,,42.0,
228,13.6,3.0,Created,Job 3-30,,,
229,13.6,3.0,Put in Routing Class,Job 3-30,,43.0,
230,13.64,1.0,Created,Job 1-50,,,
231,13.64,1.0,Put in Routing Class,Job 1-50,,44.0,
232,13.81,8.0,Created,Job 8-166,,,
233,13.81,8.0,Put in Routing Class,Job 8-166,,45.0,
234,13.9,9.0,Created,Job 9-74,,,
235,13.9,9.0,Put in Routing Class,Job 9-74,,46.0,
236,14.59,4.0,Created,Job 4-37,,,
237,14.59,4.0,Put in Routing Class,Job 4-37,,47.0,
238,14.72,6.0,Created,Job 6-57,,,
239,14.72,6.0,Put in Routing Class,Job 6-57,,48.0,
240,15.32,9.0,Work Finish,Job 9-3,Machine 4,,
241,15.32,9.0,Completed,Job 9-3,,,1.669755633786279
242,15.32,,Request Routing for Job,,Machine 4,48.0,
243,15.32,,Routing Start,,Machine 4,,3.675 Job 선택
244,15.32,1.0,Routing Finish,Job 1-9,Machine 4,,
245,15.32,1.0,Work Start,Job 1-9,Machine 4,,
246,15.59,3.0,Work Finish,Job 3-23,Machine 3,,
247,15.59,3.0,Completed,Job 3-23,,,0
248,15.59,,Request Routing for Job,,Machine 3,47.0,
249,15.59,,Routing Start,,Machine 3,,3.675 Job 선택
250,15.59,3.0,Routing Finish,Job 3-29,Machine 3,,
251,15.59,3.0,Work Start,Job 3-29,Machine 3,,
252,15.99,4.0,Created,Job 4-42,,,
253,15.99,4.0,Put in Routing Class,Job 4-42,,47.0,
254,16.28,9.0,Created,Job 9-76,,,
255,16.28,9.0,Put in Routing Class,Job 9-76,,48.0,
256,16.35,7.0,Work Finish,Job 7-27,Machine 0,,
257,16.35,7.0,Completed,Job 7-27,,,0.9489032704890796
258,16.35,,Request Routing for Job,,Machine 0,48.0,
259,16.35,,Routing Start,,Machine 0,,3.675 Job 선택
260,16.35,0.0,Routing Finish,Job 0-34,Machine 0,,
261,16.35,0.0,Work Start,Job 0-34,Machine 0,,
262,16.4,1.0,Work Finish,Job 1-9,Machine 4,,
263,16.4,1.0,Completed,Job 1-9,,,3.7025371905697035
264,16.4,,Request Routing for Job,,Machine 4,47.0,
265,16.4,,Routing Start,,Machine 4,,3.675 Job 선택
266,16.4,1.0,Routing Finish,Job 1-11,Machine 4,,
267,16.4,1.0,Work Start,Job 1-11,Machine 4,,
268,16.49,5.0,Work Finish,Job 5-46,Machine 6,,
269,16.49,5.0,Completed,Job 5-46,,,2.5227018644572397
270,16.49,,Request Routing for Job,,Machine 6,46.0,
271,16.49,,Routing Start,,Machine 6,,3.675 Job 선택
272,16.49,2.0,Routing Finish,Job 2-21,Machine 6,,
273,16.49,2.0,Work Start,Job 2-21,Machine 6,,
274,16.63,5.0,Created,Job 5-120,,,
275,16.63,5.0,Put in Routing Class,Job 5-120,,46.0,
276,16.69,7.0,Work Finish,Job 7-35,Machine 1,,
277,16.69,7.0,Completed,Job 7-35,,,0
278,16.69,,Request Routing for Job,,Machine 1,46.0,
279,16.69,,Routing Start,,Machine 1,,3.675 Job 선택
280,16.69,9.0,Routing Finish,Job 9-16,Machine 1,,
281,16.69,9.0,Work Start,Job 9-16,Machine 1,,
282,16.75,7.0,Created,Job 7-112,,,
283,16.75,7.0,Put in Routing Class,Job 7-112,,46.0,
284,16.91,2.0,Created,Job 2-79,,,
285,16.91,2.0,Put in Routing Class,Job 2-79,,47.0,
286,16.93,6.0,Created,Job 6-59,,,
287,16.93,6.0,Put in Routing Class,Job 6-59,,48.0,
288,17.02,2.0,Work Finish,Job 2-17,Machine 2,,
289,17.02,2.0,Completed,Job 2-17,,,1.0179441277194314
290,17.02,,Request Routing for Job,,Machine 2,48.0,
291,17.02,,Routing Start,,Machine 2,,3.675 Job 선택
292,17.02,5.0,Routing Finish,Job 5-58,Machine 2,,
293,17.02,5.0,Work Start,Job 5-58,Machine 2,,
294,17.02,8.0,Created,Job 8-173,,,
295,17.02,8.0,Put in Routing Class,Job 8-173,,48.0,
296,17.38,4.0,Created,Job 4-44,,,
297,17.38,4.0,Put in Routing Class,Job 4-44,,49.0,
298,17.49,1.0,Work Finish,Job 1-11,Machine 4,,
299,17.49,1.0,Completed,Job 1-11,,,3.343983112680238
300,17.49,,Request Routing for Job,,Machine 4,49.0,
301,17.49,,Routing Start,,Machine 4,,3.675 Job 선택
302,17.49,1.0,Routing Finish,Job 1-49,Machine 4,,
303,17.49,1.0,Work Start,Job 1-49,Machine 4,,
304,17.54,3.0,Created,Job 3-40,,,
305,17.54,3.0,Put in Routing Class,Job 3-40,,49.0,
306,18.09,2.0,Created,Job 2-90,,,
307,18.09,2.0,Put in Routing Class,Job 2-90,,50.0,
308,18.1,7.0,Work Finish,Job 7-61,Machine 5,,
309,18.1,7.0,Completed,Job 7-61,,,0
310,18.1,,Request Routing for Job,,Machine 5,50.0,
311,18.1,,Routing Start,,Machine 5,,3.675 Job 선택
312,18.1,7.0,Routing Finish,Job 7-72,Machine 5,,
313,18.1,7.0,Work Start,Job 7-72,Machine 5,,
314,18.12,9.0,Work Finish,Job 9-16,Machine 1,,
315,18.12,9.0,Completed,Job 9-16,,,1.930021311781914
316,18.12,,Request Routing for Job,,Machine 1,49.0,
317,18.12,,Routing Start,,Machine 1,,3.675 Job 선택
318,18.12,9.0,Routing Finish,Job 9-24,Machine 1,,
319,18.12,9.0,Work Start,Job 9-24,Machine 1,,
320,18.16,9.0,Created,Job 9-80,,,
321,18.16,9.0,Put in Routing Class,Job 9-80,,49.0,
322,18.19,0.0,Created,Job 0-52,,,
323,18.19,0.0,Put in Routing Class,Job 0-52,,50.0,
324,18.23,7.0,Created,Job 7-121,,,
325,18.23,7.0,Put in Routing Class,Job 7-121,,51.0,
326,18.23,3.0,Work Finish,Job 3-25,Machine 7,,
327,18.23,3.0,Completed,Job 3-25,,,0
328,18.23,,Request Routing for Job,,Machine 7,51.0,
329,18.23,,Routing Start,,Machine 7,,3.675 Job 선택
330,18.23,3.0,Routing Finish,Job 3-30,Machine 7,,
331,18.23,3.0,Work Start,Job 3-30,Machine 7,,
332,18.25,8.0,Created,Job 8-178,,,
333,18.25,8.0,Put in Routing Class,Job 8-178,,51.0,
334,18.43,1.0,Created,Job 1-65,,,
335,18.43,1.0,Put in Routing Class,Job 1-65,,52.0,
336,18.54,5.0,Created,Job 5-122,,,
337,18.54,5.0,Put in Routing Class,Job 5-122,,53.0,
338,18.57,1.0,Work Finish,Job 1-49,Machine 4,,
339,18.57,1.0,Completed,Job 1-49,,,1.0576571946287991
340,18.57,,Request Routing for Job,,Machine 4,53.0,
341,18.57,,Routing Start,,Machine 4,,3.675 Job 선택
342,18.57,1.0,Routing Finish,Job 1-50,Machine 4,,
343,18.57,1.0,Work Start,Job 1-50,Machine 4,,
344,18.7,3.0,Created,Job 3-51,,,
345,18.7,3.0,Put in Routing Class,Job 3-51,,53.0,
346,18.84,6.0,Created,Job 6-69,,,
347,18.84,6.0,Put in Routing Class,Job 6-69,,54.0,
348,18.99,0.0,Work Finish,Job 0-34,Machine 0,,
349,18.99,0.0,Completed,Job 0-34,,,0
350,18.99,,Request Routing for Job,,Machine 0,54.0,
351,18.99,,Routing Start,,Machine 0,,3.675 Job 선택
352,18.99,0.0,Routing Finish,Job 0-43,Machine 0,,
353,18.99,0.0,Work Start,Job 0-43,Machine 0,,
354,19.35,7.0,Created,Job 7-137,,,
355,19.35,7.0,Put in Routing Class,Job 7-137,,54.0,
356,19.55,9.0,Work Finish,Job 9-24,Machine 1,,
357,19.55,9.0,Completed,Job 9-24,,,1.7850096702651541
358,19.55,,Request Routing for Job,,Machine 1,54.0,
359,19.55,,Routing Start,,Machine 1,,3.675 Job 선택
360,19.55,9.0,Routing Finish,Job 9-32,Machine 1,,
361,19.55,9.0,Work Start,Job 9-32,Machine 1,,
362,19.59,1.0,Created,Job 1-71,,,
363,19.59,1.0,Put in Routing Class,Job 1-71,,54.0,
364,19.65,1.0,Work Finish,Job 1-50,Machine 4,,
365,19.65,1.0,Completed,Job 1-50,,,0
366,19.65,,Request Routing for Job,,Machine 4,54.0,
367,19.65,,Routing Start,,Machine 4,,3.675 Job 선택
368,19.65,7.0,Routing Finish,Job 7-98,Machine 4,,
369,19.65,7.0,Work Start,Job 7-98,Machine 4,,
370,19.67,2.0,Work Finish,Job 2-21,Machine 6,,
371,19.67,2.0,Completed,Job 2-21,,,2.50891112503146
372,19.67,,Request Routing for Job,,Machine 6,53.0,
373,19.67,,Routing Start,,Machine 6,,3.675 Job 선택
374,19.67,2.0,Routing Finish,Job 2-38,Machine 6,,
375,19.67,2.0,Work Start,Job 2-38,Machine 6,,
376,19.88,3.0,Created,Job 3-63,,,
377,19.88,3.0,Put in Routing Class,Job 3-63,,53.0,
378,20.3,6.0,Created,Job 6-70,,,
379,20.3,6.0,Put in Routing Class,Job 6-70,,54.0,
380,20.37,3.0,Work Finish,Job 3-29,Machine 3,,
381,20.37,3.0,Completed,Job 3-29,,,0
382,20.37,,Request Routing for Job,,Machine 3,54.0,
383,20.37,,Routing Start,,Machine 3,,3.675 Job 선택
384,20.37,3.0,Routing Finish,Job 3-40,Machine 3,,
385,20.37,3.0,Work Start,Job 3-40,Machine 3,,
386,20.53,9.0,Created,Job 9-82,,,
387,20.53,9.0,Put in Routing Class,Job 9-82,,54.0,
388,20.6,1.0,Created,Job 1-81,,,
389,20.6,1.0,Put in Routing Class,Job 1-81,,55.0,
390,20.93,2.0,Created,Job 2-99,,,
391,20.93,2.0,Put in Routing Class,Job 2-99,,56.0,
392,20.93,7.0,Created,Job 7-139,,,
393,20.93,7.0,Put in Routing Class,Job 7-139,,57.0,
394,20.98,9.0,Work Finish,Job 9-32,Machine 1,,
395,20.98,9.0,Completed,Job 9-32,,,0
396,20.98,,Request Routing for Job,,Machine 1,57.0,
397,20.98,,Routing Start,,Machine 1,,3.675 Job 선택
398,20.98,9.0,Routing Finish,Job 9-36,Machine 1,,
399,20.98,9.0,Work Start,Job 9-36,Machine 1,,
400,21.44,6.0,Created,Job 6-75,,,
401,21.44,6.0,Put in Routing Class,Job 6-75,,57.0,
402,21.54,4.0,Created,Job 4-45,,,
403,21.54,4.0,Put in Routing Class,Job 4-45,,58.0,
404,21.64,0.0,Work Finish,Job 0-43,Machine 0,,
405,21.64,0.0,Completed,Job 0-43,,,0
406,21.64,,Request Routing for Job,,Machine 0,58.0,
407,21.64,,Routing Start,,Machine 0,,3.675 Job 선택
408,21.64,0.0,Routing Finish,Job 0-52,Machine 0,,
409,21.64,0.0,Work Start,Job 0-52,Machine 0,,
410,21.82,3.0,Created,Job 3-67,,,
411,21.82,3.0,Put in Routing Class,Job 3-67,,58.0,
412,21.92,5.0,Created,Job 5-148,,,
413,21.92,5.0,Put in Routing Class,Job 5-148,,59.0,
414,21.99,0.0,Created,Job 0-54,,,
415,21.99,0.0,Put in Routing Class,Job 0-54,,60.0,
416,22.17,2.0,Created,Job 2-113,,,
417,22.17,2.0,Put in Routing Class,Job 2-113,,61.0,
418,22.19,1.0,Created,Job 1-86,,,
419,22.19,1.0,Put in Routing Class,Job 1-86,,62.0,
420,22.33,9.0,Created,Job 9-94,,,
421,22.33,9.0,Put in Routing Class,Job 9-94,,63.0,
422,22.41,9.0,Work Finish,Job 9-36,Machine 1,,
423,22.41,9.0,Completed,Job 9-36,,,0
424,22.41,,Request Routing for Job,,Machine 1,63.0,
425,22.41,,Routing Start,,Machine 1,,3.675 Job 선택
426,22.41,9.0,Routing Finish,Job 9-56,Machine 1,,
427,22.41,9.0,Work Start,Job 9-56,Machine 1,,
428,22.85,2.0,Work Finish,Job 2-38,Machine 6,,
429,22.85,2.0,Completed,Job 2-38,,,3.862162827173293
430,22.85,,Request Routing for Job,,Machine 6,62.0,
431,22.85,,Routing Start,,Machine 6,,3.675 Job 선택
432,22.85,3.0,Routing Finish,Job 3-51,Machine 6,,
433,22.85,3.0,Work Start,Job 3-51,Machine 6,,
434,22.92,5.0,Created,Job 5-167,,,
435,22.92,5.0,Put in Routing Class,Job 5-167,,62.0,
436,22.96,7.0,Created,Job 7-165,,,
437,22.96,7.0,Put in Routing Class,Job 7-165,,63.0,
438,23.16,4.0,Created,Job 4-48,,,
439,23.16,4.0,Put in Routing Class,Job 4-48,,64.0,
440,23.23,3.0,Created,Job 3-84,,,
441,23.23,3.0,Put in Routing Class,Job 3-84,,65.0,
442,23.47,0.0,Created,Job 0-64,,,
443,23.47,0.0,Put in Routing Class,Job 0-64,,66.0,
444,23.5,2.0,Created,Job 2-124,,,
445,23.5,2.0,Put in Routing Class,Job 2-124,,67.0,
446,23.76,3.0,Work Finish,Job 3-30,Machine 7,,
447,23.76,3.0,Completed,Job 3-30,,,1.2909079948411701
448,23.76,,Request Routing for Job,,Machine 7,67.0,
449,23.76,,Routing Start,,Machine 7,,3.675 Job 선택
450,23.76,3.0,Routing Finish,Job 3-63,Machine 7,,
451,23.76,3.0,Work Start,Job 3-63,Machine 7,,
452,23.84,9.0,Work Finish,Job 9-56,Machine 1,,
453,23.84,9.0,Completed,Job 9-56,,,0
454,23.84,,Request Routing for Job,,Machine 1,66.0,
455,23.84,,Routing Start,,Machine 1,,3.675 Job 선택
456,23.84,9.0,Routing Finish,Job 9-74,Machine 1,,
457,23.84,9.0,Work Start,Job 9-74,Machine 1,,
458,23.97,7.0,Created,Job 7-171,,,
459,23.97,7.0,Put in Routing Class,Job 7-171,,66.0,
460,24.28,0.0,Work Finish,Job 0-52,Machine 0,,
461,24.28,0.0,Completed,Job 0-52,,,0
462,24.28,,Request Routing for Job,,Machine 0,66.0,
463,24.28,,Routing Start,,Machine 0,,3.675 Job 선택
464,24.28,0.0,Routing Finish,Job 0-54,Machine 0,,
465,24.28,0.0,Work Start,Job 0-54,Machine 0,,
466,24.44,7.0,Work Finish,Job 7-72,Machine 5,,
467,24.44,7.0,Completed,Job 7-72,,,2.7942573205199253
468,24.44,,Request Routing for Job,,Machine 5,65.0,
469,24.44,,Routing Start,,Machine 5,,3.675 Job 선택
470,24.44,7.0,Routing Finish,Job 7-112,Machine 5,,
471,24.44,7.0,Work Start,Job 7-112,Machine 5,,
472,24.68,4.0,Created,Job 4-60,,,
473,24.68,4.0,Put in Routing Class,Job 4-60,,65.0,
474,24.74,9.0,Created,Job 9-117,,,
475,24.74,9.0,Put in Routing Class,Job 9-117,,66.0,
476,24.78,3.0,Created,Job 3-87,,,
477,24.78,3.0,Put in Routing Class,Job 3-87,,67.0,
478,24.8,1.0,Created,Job 1-92,,,
479,24.8,1.0,Put in Routing Class,Job 1-92,,68.0,
480,25.16,3.0,Work Finish,Job 3-40,Machine 3,,
481,25.16,3.0,Completed,Job 3-40,,,0
482,25.16,,Request Routing for Job,,Machine 3,68.0,
483,25.16,,Routing Start,,Machine 3,,3.675 Job 선택
484,25.16,3.0,Routing Finish,Job 3-67,Machine 3,,
485,25.16,3.0,Work Start,Job 3-67,Machine 3,,
486,25.27,9.0,Work Finish,Job 9-74,Machine 1,,
487,25.27,9.0,Completed,Job 9-74,,,0
488,25.27,,Request Routing for Job,,Machine 1,67.0,
489,25.27,,Routing Start,,Machine 1,,3.675 Job 선택
490,25.27,9.0,Routing Finish,Job 9-76,Machine 1,,
491,25.27,9.0,Work Start,Job 9-76,Machine 1,,
492,25.39,7.0,Created,Job 7-177,,,
493,25.39,7.0,Put in Routing Class,Job 7-177,,67.0,
494,25.65,5.0,Created,Job 5-186,,,
495,25.65,5.0,Put in Routing Class,Job 5-186,,68.0,
496,25.72,4.0,Created,Job 4-83,,,
497,25.72,4.0,Put in Routing Class,Job 4-83,,69.0,
498,25.78,9.0,Created,Job 9-119,,,
499,25.78,9.0,Put in Routing Class,Job 9-119,,70.0,
500,26.7,5.0,Created,Job 5-193,,,
501,26.7,5.0,Put in Routing Class,Job 5-193,,71.0,
502,26.71,9.0,Work Finish,Job 9-76,Machine 1,,
503,26.71,9.0,Completed,Job 9-76,,,0
504,26.71,,Request Routing for Job,,Machine 1,71.0,
505,26.71,,Routing Start,,Machine 1,,3.675 Job 선택
506,26.71,7.0,Routing Finish,Job 7-121,Machine 1,,
507,26.71,7.0,Work Start,Job 7-121,Machine 1,,
508,26.73,6.0,Created,Job 6-88,,,
509,26.73,6.0,Put in Routing Class,Job 6-88,,71.0,
510,26.89,3.0,Work Finish,Job 3-51,Machine 6,,
511,26.89,3.0,Completed,Job 3-51,,,0
512,26.89,,Request Routing for Job,,Machine 6,71.0,
513,26.89,,Routing Start,,Machine 6,,3.675 Job 선택
514,26.89,3.0,Routing Finish,Job 3-84,Machine 6,,
515,26.89,3.0,Work Start,Job 3-84,Machine 6,,
516,26.9,0.0,Created,Job 0-73,,,
517,26.9,0.0,Put in Routing Class,Job 0-73,,71.0,
518,26.93,0.0,Work Finish,Job 0-54,Machine 0,,
519,26.93,0.0,Completed,Job 0-54,,,0
520,26.93,,Request Routing for Job,,Machine 0,71.0,
521,26.93,,Routing Start,,Machine 0,,3.675 Job 선택
522,26.93,0.0,Routing Finish,Job 0-64,Machine 0,,
523,26.93,0.0,Work Start,Job 0-64,Machine 0,,
524,27.16,4.0,Created,Job 4-95,,,
525,27.16,4.0,Put in Routing Class,Job 4-95,,71.0,
526,27.23,9.0,Created,Job 9-133,,,
527,27.23,9.0,Put in Routing Class,Job 9-133,,72.0,
528,27.45,7.0,Created,Job 7-189,,,
529,27.45,7.0,Put in Routing Class,Job 7-189,,73.0,
530,27.93,3.0,Created,Job 3-96,,,
531,27.93,3.0,Put in Routing Class,Job 3-96,,74.0,
532,28.01,2.0,Created,Job 2-136,,,
533,28.01,2.0,Put in Routing Class,Job 2-136,,75.0,
534,28.37,6.0,Created,Job 6-109,,,
535,28.37,6.0,Put in Routing Class,Job 6-109,,76.0,
536,28.45,9.0,Created,Job 9-135,,,
537,28.45,9.0,Put in Routing Class,Job 9-135,,77.0,
538,29.29,3.0,Work Finish,Job 3-63,Machine 7,,
539,29.29,3.0,Completed,Job 3-63,,,0.5426261332996987
540,29.29,,Request Routing for Job,,Machine 7,77.0,
541,29.29,,Routing Start,,Machine 7,,3.675 Job 선택
542,29.29,3.0,Routing Finish,Job 3-87,Machine 7,,
543,29.29,3.0,Work Start,Job 3-87,Machine 7,,
544,29.54,9.0,Created,Job 9-146,,,
545,29.54,9.0,Put in Routing Class,Job 9-146,,77.0,
546,29.55,0.0,Created,Job 0-77,,,
547,29.55,0.0,Put in Routing Class,Job 0-77,,78.0,
548,29.57,0.0,Work Finish,Job 0-64,Machine 0,,
549,29.57,0.0,Completed,Job 0-64,,,0
550,29.57,,Request Routing for Job,,Machine 0,78.0,
551,29.57,,Routing Start,,Machine 0,,3.675 Job 선택
552,29.57,0.0,Routing Finish,Job 0-73,Machine 0,,
553,29.57,0.0,Work Start,Job 0-73,Machine 0,,
554,29.94,3.0,Work Finish,Job 3-67,Machine 3,,
555,29.94,3.0,Completed,Job 3-67,,,0
556,29.94,,Request Routing for Job,,Machine 3,77.0,
557,29.94,,Routing Start,,Machine 3,,3.675 Job 선택
558,29.94,3.0,Routing Finish,Job 3-96,Machine 3,,
559,29.94,3.0,Work Start,Job 3-96,Machine 3,,
560,30.29,6.0,Created,Job 6-111,,,
561,30.29,6.0,Put in Routing Class,Job 6-111,,77.0,
562,30.58,1.0,Created,Job 1-101,,,
563,30.58,1.0,Put in Routing Class,Job 1-101,,78.0,
564,30.72,4.0,Created,Job 4-115,,,
565,30.72,4.0,Put in Routing Class,Job 4-115,,79.0,
566,30.78,7.0,Work Finish,Job 7-112,Machine 5,,
567,30.78,7.0,Completed,Job 7-112,,,4.145254044053534
568,30.78,,Request Routing for Job,,Machine 5,79.0,
569,30.78,,Routing Start,,Machine 5,,3.675 Job 선택
570,30.78,7.0,Routing Finish,Job 7-137,Machine 5,,
571,30.78,7.0,Work Start,Job 7-137,Machine 5,,
572,30.79,9.0,Created,Job 9-157,,,
573,30.79,9.0,Put in Routing Class,Job 9-157,,79.0,
574,30.94,3.0,Work Finish,Job 3-84,Machine 6,,
575,30.94,3.0,Completed,Job 3-84,,,0
576,30.94,,Request Routing for Job,,Machine 6,79.0,
577,30.94,,Routing Start,,Machine 6,,3.675 Job 선택
578,30.94,2.0,Routing Finish,Job 2-39,Machine 6,,
579,30.94,2.0,Work Start,Job 2-39,Machine 6,,
580,31.8,5.0,Created,Job 5-198,,,
581,31.8,5.0,Put in Routing Class,Job 5-198,,79.0,
582,31.98,9.0,Created,Job 9-160,,,
583,31.98,9.0,Put in Routing Class,Job 9-160,,80.0,
584,32.18,3.0,Created,Job 3-97,,,
585,32.18,3.0,Put in Routing Class,Job 3-97,,81.0,
586,32.21,0.0,Work Finish,Job 0-73,Machine 0,,
587,32.21,0.0,Completed,Job 0-73,,,0
588,32.21,,Request Routing for Job,,Machine 0,81.0,
589,32.21,,Routing Start,,Machine 0,,3.675 Job 선택
590,32.21,0.0,Routing Finish,Job 0-77,Machine 0,,
591,32.21,0.0,Work Start,Job 0-77,Machine 0,,
592,32.38,2.0,Created,Job 2-138,,,
593,32.38,2.0,Put in Routing Class,Job 2-138,,81.0,
594,32.58,7.0,Work Finish,Job 7-121,Machine 1,,
595,32.58,7.0,Completed,Job 7-121,,,4.471473706501865
596,32.58,,Request Routing for Job,,Machine 1,81.0,
597,32.58,,Routing Start,,Machine 1,,3.675 Job 선택
598,32.58,9.0,Routing Finish,Job 9-80,Machine 1,,
599,32.58,9.0,Work Start,Job 9-80,Machine 1,,
600,32.59,7.0,Created,Job 7-197,,,
601,32.59,7.0,Put in Routing Class,Job 7-197,,81.0,
602,32.59,0.0,Created,Job 0-89,,,
603,32.59,0.0,Put in Routing Class,Job 0-89,,82.0,
604,33.03,6.0,Created,Job 6-134,,,
605,33.03,6.0,Put in Routing Class,Job 6-134,,83.0,
606,33.37,7.0,Work Finish,Job 7-98,Machine 4,,
607,33.37,7.0,Completed,Job 7-98,,,9.977518187887426
608,33.37,,Request Routing for Job,,Machine 4,83.0,
609,33.37,,Routing Start,,Machine 4,,3.675 Job 선택
610,33.37,1.0,Routing Finish,Job 1-65,Machine 4,,
611,33.37,1.0,Work Start,Job 1-65,Machine 4,,
612,33.53,4.0,Created,Job 4-118,,,
613,33.53,4.0,Put in Routing Class,Job 4-118,,83.0,
614,33.54,2.0,Created,Job 2-144,,,
615,33.54,2.0,Put in Routing Class,Job 2-144,,84.0,
616,33.55,1.0,Created,Job 1-107,,,
617,33.55,1.0,Put in Routing Class,Job 1-107,,85.0,
618,33.82,0.0,Created,Job 0-91,,,
619,33.82,0.0,Put in Routing Class,Job 0-91,,86.0,
620,34.01,9.0,Work Finish,Job 9-80,Machine 1,,
621,34.01,9.0,Completed,Job 9-80,,,3.3315479201410483
622,34.01,,Request Routing for Job,,Machine 1,86.0,
623,34.01,,Routing Start,,Machine 1,,3.675 Job 선택
624,34.01,9.0,Routing Finish,Job 9-82,Machine 1,,
625,34.01,9.0,Work Start,Job 9-82,Machine 1,,
626,34.1,6.0,Created,Job 6-152,,,
627,34.1,6.0,Put in Routing Class,Job 6-152,,86.0,
628,34.12,2.0,Work Finish,Job 2-39,Machine 6,,
629,34.12,2.0,Completed,Job 2-39,,,13.81485618680366
630,34.12,,Request Routing for Job,,Machine 6,86.0,
631,34.12,,Routing Start,,Machine 6,,3.675 Job 선택
632,34.12,2.0,Routing Finish,Job 2-55,Machine 6,,
633,34.12,2.0,Work Start,Job 2-55,Machine 6,,
634,34.29,5.0,Work Finish,Job 5-58,Machine 2,,
635,34.29,5.0,Completed,Job 5-58,,,18.674070043934215
636,34.29,,Request Routing for Job,,Machine 2,85.0,
637,34.29,,Routing Start,,Machine 2,,3.675 Job 선택
638,34.29,5.0,Routing Finish,Job 5-62,Machine 2,,
639,34.29,5.0,Work Start,Job 5-62,Machine 2,,
640,34.45,1.0,Work Finish,Job 1-65,Machine 4,,
641,34.45,1.0,Completed,Job 1-65,,,6.752945086304095
642,34.45,,Request Routing for Job,,Machine 4,84.0,
643,34.45,,Routing Start,,Machine 4,,3.675 Job 선택
644,34.45,1.0,Routing Finish,Job 1-71,Machine 4,,
645,34.45,1.0,Work Start,Job 1-71,Machine 4,,
646,34.6,2.0,Created,Job 2-172,,,
647,34.6,2.0,Put in Routing Class,Job 2-172,,84.0,
648,34.72,3.0,Work Finish,Job 3-96,Machine 3,,
649,34.72,3.0,Completed,Job 3-96,,,0
650,34.72,,Request Routing for Job,,Machine 3,84.0,
651,34.72,,Routing Start,,Machine 3,,3.675 Job 선택
652,34.72,3.0,Routing Finish,Job 3-97,Machine 3,,
653,34.72,3.0,Work Start,Job 3-97,Machine 3,,
654,34.76,4.0,Created,Job 4-129,,,
655,34.76,4.0,Put in Routing Class,Job 4-129,,84.0,
656,34.82,3.0,Work Finish,Job 3-87,Machine 7,,
657,34.82,3.0,Completed,Job 3-87,,,1.1732135247935673
658,34.82,,Request Routing for Job,,Machine 7,84.0,
659,34.82,,Routing Start,,Machine 7,,3.675 Job 선택
660,34.82,7.0,Routing Finish,Job 7-139,Machine 7,,
661,34.82,7.0,Work Start,Job 7-139,Machine 7,,
662,34.86,0.0,Work Finish,Job 0-77,Machine 0,,
663,34.86,0.0,Completed,Job 0-77,,,0
664,34.86,,Request Routing for Job,,Machine 0,83.0,
665,34.86,,Routing Start,,Machine 0,,3.675 Job 선택
666,34.86,0.0,Routing Finish,Job 0-89,Machine 0,,
667,34.86,0.0,Work Start,Job 0-89,Machine 0,,
668,35.2,3.0,Created,Job 3-100,,,
669,35.2,3.0,Put in Routing Class,Job 3-100,,83.0,
670,35.44,9.0,Work Finish,Job 9-82,Machine 1,,
671,35.44,9.0,Completed,Job 9-82,,,2.3914785932318736
672,35.44,,Request Routing for Job,,Machine 1,83.0,
673,35.44,,Routing Start,,Machine 1,,3.675 Job 선택
674,35.44,9.0,Routing Finish,Job 9-94,Machine 1,,
675,35.44,9.0,Work Start,Job 9-94,Machine 1,,
676,35.51,1.0,Created,Job 1-114,,,
677,35.51,1.0,Put in Routing Class,Job 1-114,,83.0,
678,35.53,1.0,Work Finish,Job 1-71,Machine 4,,
679,35.53,1.0,Completed,Job 1-71,,,6.674044570947359
680,35.53,,Request Routing for Job,,Machine 4,83.0,
681,35.53,,Routing Start,,Machine 4,,3.675 Job 선택
682,35.53,1.0,Routing Finish,Job 1-81,Machine 4,,
683,35.53,1.0,Work Start,Job 1-81,Machine 4,,
684,35.93,2.0,Created,Job 2-176,,,
685,35.93,2.0,Put in Routing Class,Job 2-176,,83.0,
686,36.04,0.0,Created,Job 0-126,,,
687,36.04,0.0,Put in Routing Class,Job 0-126,,84.0,
688,36.3,4.0,Created,Job 4-141,,,
689,36.3,4.0,Put in Routing Class,Job 4-141,,85.0,
690,36.45,3.0,Created,Job 3-104,,,
691,36.45,3.0,Put in Routing Class,Job 3-104,,86.0,
692,36.53,1.0,Created,Job 1-116,,,
693,36.53,1.0,Put in Routing Class,Job 1-116,,87.0,
694,36.61,1.0,Work Finish,Job 1-81,Machine 4,,
695,36.61,1.0,Completed,Job 1-81,,,6.743120715691354
696,36.61,,Request Routing for Job,,Machine 4,87.0,
697,36.61,,Routing Start,,Machine 4,,3.675 Job 선택
698,36.61,1.0,Routing Finish,Job 1-86,Machine 4,,
699,36.61,1.0,Work Start,Job 1-86,Machine 4,,
700,36.87,9.0,Work Finish,Job 9-94,Machine 1,,
701,36.87,9.0,Completed,Job 9-94,,,2.026264710598312
702,36.87,,Request Routing for Job,,Machine 1,86.0,
703,36.87,,Routing Start,,Machine 1,,3.675 Job 선택
704,36.87,9.0,Routing Finish,Job 9-117,Machine 1,,
705,36.87,9.0,Work Start,Job 9-117,Machine 1,,
706,37.06,0.0,Created,Job 0-131,,,
707,37.06,0.0,Put in Routing Class,Job 0-131,,86.0,
708,37.12,7.0,Work Finish,Job 7-137,Machine 5,,
709,37.12,7.0,Completed,Job 7-137,,,7.881894051962636
710,37.12,,Request Routing for Job,,Machine 5,86.0,
711,37.12,,Routing Start,,Machine 5,,3.675 Job 선택
712,37.12,7.0,Routing Finish,Job 7-165,Machine 5,,
713,37.12,7.0,Work Start,Job 7-165,Machine 5,,
714,37.3,2.0,Work Finish,Job 2-55,Machine 6,,
715,37.3,2.0,Completed,Job 2-55,,,15.770889749396687
716,37.3,,Request Routing for Job,,Machine 6,85.0,
717,37.3,,Routing Start,,Machine 6,,3.675 Job 선택
718,37.3,2.0,Routing Finish,Job 2-68,Machine 6,,
719,37.3,2.0,Work Start,Job 2-68,Machine 6,,
720,37.49,4.0,Created,Job 4-145,,,
721,37.49,4.0,Put in Routing Class,Job 4-145,,85.0,
722,37.5,0.0,Work Finish,Job 0-89,Machine 0,,
723,37.5,0.0,Completed,Job 0-89,,,0
724,37.5,,Request Routing for Job,,Machine 0,85.0,
725,37.5,,Routing Start,,Machine 0,,3.675 Job 선택
726,37.5,0.0,Routing Finish,Job 0-91,Machine 0,,
727,37.5,0.0,Work Start,Job 0-91,Machine 0,,
728,37.64,9.0,Created,Job 9-183,,,
729,37.64,9.0,Put in Routing Class,Job 9-183,,85.0,
730,37.69,1.0,Work Finish,Job 1-86,Machine 4,,
731,37.69,1.0,Completed,Job 1-86,,,6.23452579998451
732,37.69,,Request Routing for Job,,Machine 4,85.0,
733,37.69,,Routing Start,,Machine 4,,3.675 Job 선택
734,37.69,1.0,Routing Finish,Job 1-92,Machine 4,,
735,37.69,1.0,Work Start,Job 1-92,Machine 4,,
736,37.71,6.0,Created,Job 6-154,,,
737,37.71,6.0,Put in Routing Class,Job 6-154,,85.0,
738,38.3,9.0,Work Finish,Job 9-117,Machine 1,,
739,38.3,9.0,Completed,Job 9-117,,,1.0411280957331996
740,38.3,,Request Routing for Job,,Machine 1,85.0,
741,38.3,,Routing Start,,Machine 1,,3.675 Job 선택
742,38.3,9.0,Routing Finish,Job 9-119,Machine 1,,
743,38.3,9.0,Work Start,Job 9-119,Machine 1,,
744,38.77,1.0,Work Finish,Job 1-92,Machine 4,,
745,38.77,1.0,Completed,Job 1-92,,,4.706645263249776
746,38.77,,Request Routing for Job,,Machine 4,84.0,
747,38.77,,Routing Start,,Machine 4,,3.675 Job 선택
748,38.77,1.0,Routing Finish,Job 1-101,Machine 4,,
749,38.77,1.0,Work Start,Job 1-101,Machine 4,,
750,38.96,9.0,Created,Job 9-191,,,
751,38.96,9.0,Put in Routing Class,Job 9-191,,84.0,
752,39.51,3.0,Work Finish,Job 3-97,Machine 3,,
753,39.51,3.0,Completed,Job 3-97,,,0
754,39.51,,Request Routing for Job,,Machine 3,84.0,
755,39.51,,Routing Start,,Machine 3,,3.675 Job 선택
756,39.51,3.0,Routing Finish,Job 3-100,Machine 3,,
757,39.51,3.0,Work Start,Job 3-100,Machine 3,,
758,39.73,9.0,Work Finish,Job 9-119,Machine 1,,
759,39.73,9.0,Completed,Job 9-119,,,1.4331571503707536
760,39.73,,Request Routing for Job,,Machine 1,83.0,
761,39.73,,Routing Start,,Machine 1,,3.675 Job 선택
762,39.73,9.0,Routing Finish,Job 9-133,Machine 1,,
763,39.73,9.0,Work Start,Job 9-133,Machine 1,,
764,39.85,1.0,Created,Job 1-125,,,
765,39.85,1.0,Put in Routing Class,Job 1-125,,83.0,
766,39.86,1.0,Work Finish,Job 1-101,Machine 4,,
767,39.86,1.0,Completed,Job 1-101,,,0.005845796365484546
768,39.86,,Request Routing for Job,,Machine 4,83.0,
769,39.86,,Routing Start,,Machine 4,,3.675 Job 선택
770,39.86,1.0,Routing Finish,Job 1-107,Machine 4,,
771,39.86,1.0,Work Start,Job 1-107,Machine 4,,
772,40.15,0.0,Work Finish,Job 0-91,Machine 0,,
773,40.15,0.0,Completed,Job 0-91,,,0
774,40.15,,Request Routing for Job,,Machine 0,82.0,
775,40.15,,Routing Start,,Machine 0,,3.675 Job 선택
776,40.15,3.0,Routing Finish,Job 3-104,Machine 0,,
777,40.15,3.0,Work Start,Job 3-104,Machine 0,,
778,40.48,2.0,Work Finish,Job 2-68,Machine 6,,
779,40.48,2.0,Completed,Job 2-68,,,16.95079070957829
780,40.48,,Request Routing for Job,,Machine 6,81.0,
781,40.48,,Routing Start,,Machine 6,,3.675 Job 선택
782,40.48,2.0,Routing Finish,Job 2-78,Machine 6,,
783,40.48,2.0,Work Start,Job 2-78,Machine 6,,
784,40.6,0.0,Created,Job 0-150,,,
785,40.6,0.0,Put in Routing Class,Job 0-150,,81.0,
786,40.78,6.0,Created,Job 6-162,,,
787,40.78,6.0,Put in Routing Class,Job 6-162,,82.0,
788,40.94,1.0,Work Finish,Job 1-107,Machine 4,,
789,40.94,1.0,Completed,Job 1-107,,,0
790,40.94,,Request Routing for Job,,Machine 4,82.0,
791,40.94,,Routing Start,,Machine 4,,3.675 Job 선택
792,40.94,1.0,Routing Finish,Job 1-114,Machine 4,,
793,40.94,1.0,Work Start,Job 1-114,Machine 4,,
794,41.03,1.0,Created,Job 1-127,,,
795,41.03,1.0,Put in Routing Class,Job 1-127,,82.0,
796,41.15,3.0,Work Finish,Job 3-104,Machine 0,,
797,41.15,3.0,Completed,Job 3-104,,,0
798,41.15,,Request Routing for Job,,Machine 0,82.0,
799,41.15,,Routing Start,,Machine 0,,3.675 Job 선택
800,41.15,0.0,Routing Finish,Job 0-126,Machine 0,,
801,41.15,0.0,Work Start,Job 0-126,Machine 0,,
802,41.16,9.0,Work Finish,Job 9-133,Machine 1,,
803,41.16,9.0,Completed,Job 9-133,,,1.4109210349836587
804,41.16,,Request Routing for Job,,Machine 1,81.0,
805,41.16,,Routing Start,,Machine 1,,3.675 Job 선택
806,41.16,9.0,Routing Finish,Job 9-135,Machine 1,,
807,41.16,9.0,Work Start,Job 9-135,Machine 1,,
808,42.02,1.0,Work Finish,Job 1-114,Machine 4,,
809,42.02,1.0,Completed,Job 1-114,,,0
810,42.02,,Request Routing for Job,,Machine 4,80.0,
811,42.02,,Routing Start,,Machine 4,,3.675 Job 선택
812,42.02,1.0,Routing Finish,Job 1-116,Machine 4,,
813,42.02,1.0,Work Start,Job 1-116,Machine 4,,
814,42.08,1.0,Created,Job 1-128,,,
815,42.08,1.0,Put in Routing Class,Job 1-128,,80.0,
816,42.3,3.0,Created,Job 3-106,,,
817,42.3,3.0,Put in Routing Class,Job 3-106,,81.0,
818,42.47,7.0,Work Finish,Job 7-139,Machine 7,,
819,42.47,7.0,Completed,Job 7-139,,,11.663084208085078
820,42.47,,Request Routing for Job,,Machine 7,81.0,
821,42.47,,Routing Start,,Machine 7,,3.675 Job 선택
822,42.47,3.0,Routing Finish,Job 3-106,Machine 7,,
823,42.47,3.0,Work Start,Job 3-106,Machine 7,,
824,42.59,9.0,Work Finish,Job 9-135,Machine 1,,
825,42.59,9.0,Completed,Job 9-135,,,1.6244579151571514
826,42.59,,Request Routing for Job,,Machine 1,80.0,
827,42.59,,Routing Start,,Machine 1,,3.675 Job 선택
828,42.59,9.0,Routing Finish,Job 9-146,Machine 1,,
829,42.59,9.0,Work Start,Job 9-146,Machine 1,,
830,42.69,4.0,Created,Job 4-159,,,
831,42.69,4.0,Put in Routing Class,Job 4-159,,80.0,
832,43.1,1.0,Work Finish,Job 1-116,Machine 4,,
833,43.1,1.0,Completed,Job 1-116,,,0
834,43.1,,Request Routing for Job,,Machine 4,80.0,
835,43.1,,Routing Start,,Machine 4,,3.675 Job 선택
836,43.1,1.0,Routing Finish,Job 1-125,Machine 4,,
837,43.1,1.0,Work Start,Job 1-125,Machine 4,,
838,43.46,7.0,Work Finish,Job 7-165,Machine 5,,
839,43.46,7.0,Completed,Job 7-165,,,10.61068733186606
840,43.46,,Request Routing for Job,,Machine 5,79.0,
841,43.46,,Routing Start,,Machine 5,,3.675 Job 선택
842,43.46,7.0,Routing Finish,Job 7-171,Machine 5,,
843,43.46,7.0,Work Start,Job 7-171,Machine 5,,
844,43.65,2.0,Work Finish,Job 2-78,Machine 6,,
845,43.65,2.0,Completed,Job 2-78,,,15.685401829833069
846,43.65,,Request Routing for Job,,Machine 6,78.0,
847,43.65,,Routing Start,,Machine 6,,3.675 Job 선택
848,43.65,0.0,Routing Finish,Job 0-131,Machine 6,,
849,43.65,0.0,Work Start,Job 0-131,Machine 6,,
850,43.68,6.0,Created,Job 6-170,,,
851,43.68,6.0,Put in Routing Class,Job 6-170,,78.0,
852,43.74,3.0,Created,Job 3-110,,,
853,43.74,3.0,Put in Routing Class,Job 3-110,,79.0,
854,43.8,0.0,Work Finish,Job 0-126,Machine 0,,
855,43.8,0.0,Completed,Job 0-126,,,0
856,43.8,,Request Routing for Job,,Machine 0,79.0,
857,43.8,,Routing Start,,Machine 0,,3.675 Job 선택
858,43.8,0.0,Routing Finish,Job 0-150,Machine 0,,
859,43.8,0.0,Work Start,Job 0-150,Machine 0,,
860,44.03,9.0,Work Finish,Job 9-146,Machine 1,,
861,44.03,9.0,Completed,Job 9-146,,,1.9633453902787394
862,44.03,,Request Routing for Job,,Machine 1,78.0,
863,44.03,,Routing Start,,Machine 1,,3.675 Job 선택
864,44.03,9.0,Routing Finish,Job 9-157,Machine 1,,
865,44.03,9.0,Work Start,Job 9-157,Machine 1,,
866,44.18,1.0,Work Finish,Job 1-125,Machine 4,,
867,44.18,1.0,Completed,Job 1-125,,,0
868,44.18,,Request Routing for Job,,Machine 4,77.0,
869,44.18,,Routing Start,,Machine 4,,3.675 Job 선택
870,44.18,1.0,Routing Finish,Job 1-127,Machine 4,,
871,44.18,1.0,Work Start,Job 1-127,Machine 4,,
872,44.29,3.0,Work Finish,Job 3-100,Machine 3,,
873,44.29,3.0,Completed,Job 3-100,,,0.22235049209565005
874,44.29,,Request Routing for Job,,Machine 3,76.0,
875,44.29,,Routing Start,,Machine 3,,3.675 Job 선택
876,44.29,3.0,Routing Finish,Job 3-110,Machine 3,,
877,44.29,3.0,Work Start,Job 3-110,Machine 3,,
878,44.7,6.0,Created,Job 6-184,,,
879,44.7,6.0,Put in Routing Class,Job 6-184,,76.0,
880,44.71,4.0,Created,Job 4-187,,,
881,44.71,4.0,Put in Routing Class,Job 4-187,,77.0,
882,44.91,3.0,Created,Job 3-123,,,
883,44.91,3.0,Put in Routing Class,Job 3-123,,78.0,
884,45.26,1.0,Work Finish,Job 1-127,Machine 4,,
885,45.26,1.0,Completed,Job 1-127,,,0
886,45.26,,Request Routing for Job,,Machine 4,78.0,
887,45.26,,Routing Start,,Machine 4,,3.675 Job 선택
888,45.26,1.0,Routing Finish,Job 1-128,Machine 4,,
889,45.26,1.0,Work Start,Job 1-128,Machine 4,,
890,45.46,9.0,Work Finish,Job 9-157,Machine 1,,
891,45.46,9.0,Completed,Job 9-157,,,2.1469919586450317
892,45.46,,Request Routing for Job,,Machine 1,77.0,
893,45.46,,Routing Start,,Machine 1,,3.675 Job 선택
894,45.46,9.0,Routing Finish,Job 9-160,Machine 1,,
895,45.46,9.0,Work Start,Job 9-160,Machine 1,,
896,45.64,1.0,Created,Job 1-140,,,
897,45.64,1.0,Put in Routing Class,Job 1-140,,77.0,
898,45.72,0.0,Created,Job 0-151,,,
899,45.72,0.0,Put in Routing Class,Job 0-151,,78.0,
900,46.34,1.0,Work Finish,Job 1-128,Machine 4,,
901,46.34,1.0,Completed,Job 1-128,,,0
902,46.34,,Request Routing for Job,,Machine 4,78.0,
903,46.34,,Routing Start,,Machine 4,,3.675 Job 선택
904,46.34,7.0,Routing Finish,Job 7-177,Machine 4,,
905,46.34,7.0,Work Start,Job 7-177,Machine 4,,
906,46.44,0.0,Work Finish,Job 0-150,Machine 0,,
907,46.44,0.0,Completed,Job 0-150,,,0
908,46.44,,Request Routing for Job,,Machine 0,77.0,
909,46.44,,Routing Start,,Machine 0,,3.675 Job 선택
910,46.44,0.0,Routing Finish,Job 0-151,Machine 0,,
911,46.44,0.0,Work Start,Job 0-151,Machine 0,,
912,46.51,6.0,Created,Job 6-185,,,
913,46.51,6.0,Put in Routing Class,Job 6-185,,77.0,
914,46.64,3.0,Created,Job 3-132,,,
915,46.64,3.0,Put in Routing Class,Job 3-132,,78.0,
916,46.89,9.0,Work Finish,Job 9-160,Machine 1,,
917,46.89,9.0,Completed,Job 9-160,,,2.384496619000359
918,46.89,,Request Routing for Job,,Machine 1,78.0,
919,46.89,,Routing Start,,Machine 1,,3.675 Job 선택
920,46.89,9.0,Routing Finish,Job 9-183,Machine 1,,
921,46.89,9.0,Work Start,Job 9-183,Machine 1,,
922,47.48,4.0,Created,Job 4-196,,,
923,47.48,4.0,Put in Routing Class,Job 4-196,,78.0,
924,47.55,6.0,Created,Job 6-190,,,
925,47.55,6.0,Put in Routing Class,Job 6-190,,79.0,
926,47.56,1.0,Created,Job 1-149,,,
927,47.56,1.0,Put in Routing Class,Job 1-149,,80.0,
928,48.0,0.0,Created,Job 0-155,,,
929,48.0,0.0,Put in Routing Class,Job 0-155,,81.0,
930,48.01,3.0,Work Finish,Job 3-106,Machine 7,,
931,48.01,3.0,Completed,Job 3-106,,,0
932,48.01,,Request Routing for Job,,Machine 7,81.0,
933,48.01,,Routing Start,,Machine 7,,3.675 Job 선택
934,48.01,3.0,Routing Finish,Job 3-123,Machine 7,,
935,48.01,3.0,Work Start,Job 3-123,Machine 7,,
936,48.32,9.0,Work Finish,Job 9-183,Machine 1,,
937,48.32,9.0,Completed,Job 9-183,,,0
938,48.32,,Request Routing for Job,,Machine 1,80.0,
939,48.32,,Routing Start,,Machine 1,,3.675 Job 선택
940,48.32,9.0,Routing Finish,Job 9-191,Machine 1,,
941,48.32,9.0,Work Start,Job 9-191,Machine 1,,
942,48.34,0.0,Work Finish,Job 0-131,Machine 6,,
943,48.34,0.0,Completed,Job 0-131,,,0.8451090869364748
944,48.34,,Request Routing for Job,,Machine 6,79.0,
945,48.34,,Routing Start,,Machine 6,,3.675 Job 선택
946,48.34,2.0,Routing Finish,Job 2-79,Machine 6,,
947,48.34,2.0,Work Start,Job 2-79,Machine 6,,
948,48.68,1.0,Created,Job 1-153,,,
949,48.68,1.0,Put in Routing Class,Job 1-153,,79.0,
950,49.07,3.0,Work Finish,Job 3-110,Machine 3,,
951,49.07,3.0,Completed,Job 3-110,,,0
952,49.07,,Request Routing for Job,,Machine 3,79.0,
953,49.07,,Routing Start,,Machine 3,,3.675 Job 선택
954,49.07,3.0,Routing Finish,Job 3-132,Machine 3,,
955,49.07,3.0,Work Start,Job 3-132,Machine 3,,
956,49.09,0.0,Work Finish,Job 0-151,Machine 0,,
957,49.09,0.0,Completed,Job 0-151,,,0
958,49.09,,Request Routing for Job,,Machine 0,78.0,
959,49.09,,Routing Start,,Machine 0,,3.675 Job 선택
960,49.09,0.0,Routing Finish,Job 0-155,Machine 0,,
961,49.09,0.0,Work Start,Job 0-155,Machine 0,,
962,49.23,3.0,Created,Job 3-142,,,
963,49.23,3.0,Put in Routing Class,Job 3-142,,78.0,
964,49.75,9.0,Work Finish,Job 9-191,Machine 1,,
965,49.75,9.0,Completed,Job 9-191,,,0
966,49.75,,Request Routing for Job,,Machine 1,78.0,
967,49.75,,Routing Start,,Machine 1,,3.675 Job 선택
968,49.75,7.0,Routing Finish,Job 7-189,Machine 1,,
969,49.75,7.0,Work Start,Job 7-189,Machine 1,,
970,49.76,0.0,Created,Job 0-161,,,
971,49.76,0.0,Put in Routing Class,Job 0-161,,78.0,
972,49.79,7.0,Work Finish,Job 7-171,Machine 5,,
973,49.79,7.0,Completed,Job 7-171,,,15.942396499479244
974,49.79,,Request Routing for Job,,Machine 5,78.0,
975,49.79,,Routing Start,,Machine 5,,3.675 Job 선택
976,49.79,7.0,Routing Finish,Job 7-197,Machine 5,,
977,49.79,7.0,Work Start,Job 7-197,Machine 5,,
978,50.17,1.0,Created,Job 1-163,,,
979,50.17,1.0,Put in Routing Class,Job 1-163,,78.0,
980,50.31,3.0,Created,Job 3-156,,,
981,50.31,3.0,Put in Routing Class,Job 3-156,,79.0,
982,51.25,1.0,Created,Job 1-164,,,
983,51.25,1.0,Put in Routing Class,Job 1-164,,80.0,
984,51.52,2.0,Work Finish,Job 2-79,Machine 6,,
985,51.52,2.0,Completed,Job 2-79,,,20.144489519487287
986,51.52,,Request Routing for Job,,Machine 6,80.0,
987,51.52,,Routing Start,,Machine 6,,3.675 Job 선택
988,51.52,2.0,Routing Finish,Job 2-90,Machine 6,,
989,51.52,2.0,Work Start,Job 2-90,Machine 6,,
990,51.56,5.0,Work Finish,Job 5-62,Machine 2,,
991,51.56,5.0,Completed,Job 5-62,,,34.68094945928188
992,51.56,,Request Routing for Job,,Machine 2,79.0,
993,51.56,,Routing Start,,Machine 2,,3.675 Job 선택
994,51.56,5.0,Routing Finish,Job 5-66,Machine 2,,
995,51.56,5.0,Work Start,Job 5-66,Machine 2,,
996,51.73,0.0,Work Finish,Job 0-155,Machine 0,,
997,51.73,0.0,Completed,Job 0-155,,,0
998,51.73,,Request Routing for Job,,Machine 0,78.0,
999,51.73,,Routing Start,,Machine 0,,3.675 Job 선택
1000,51.73,3.0,Routing Finish,Job 3-142,Machine 0,,
1001,51.73,3.0,Work Start,Job 3-142,Machine 0,,
1002,52.35,0.0,Created,Job 0-168,,,
1003,52.35,0.0,Put in Routing Class,Job 0-168,,78.0,
1004,52.47,3.0,Created,Job 3-158,,,
1005,52.47,3.0,Put in Routing Class,Job 3-158,,79.0,
1006,52.74,3.0,Work Finish,Job 3-142,Machine 0,,
1007,52.74,3.0,Completed,Job 3-142,,,0
1008,52.74,,Request Routing for Job,,Machine 0,79.0,
1009,52.74,,Routing Start,,Machine 0,,3.675 Job 선택
1010,52.74,0.0,Routing Finish,Job 0-161,Machine 0,,
1011,52.74,0.0,Work Start,Job 0-161,Machine 0,,
1012,53.42,1.0,Created,Job 1-180,,,
1013,53.42,1.0,Put in Routing Class,Job 1-180,,79.0,
1014,53.54,3.0,Work Finish,Job 3-123,Machine 7,,
1015,53.54,3.0,Completed,Job 3-123,,,0
1016,53.54,,Request Routing for Job,,Machine 7,79.0,
1017,53.54,,Routing Start,,Machine 7,,3.675 Job 선택
1018,53.54,3.0,Routing Finish,Job 3-156,Machine 7,,
1019,53.54,3.0,Work Start,Job 3-156,Machine 7,,
1020,53.73,0.0,Created,Job 0-169,,,
1021,53.73,0.0,Put in Routing Class,Job 0-169,,79.0,
1022,53.86,3.0,Work Finish,Job 3-132,Machine 3,,
1023,53.86,3.0,Completed,Job 3-132,,,0
1024,53.86,,Request Routing for Job,,Machine 3,79.0,
1025,53.86,,Routing Start,,Machine 3,,3.675 Job 선택
1026,53.86,3.0,Routing Finish,Job 3-158,Machine 3,,
1027,53.86,3.0,Work Start,Job 3-158,Machine 3,,
1028,54.7,2.0,Work Finish,Job 2-90,Machine 6,,
1029,54.7,2.0,Completed,Job 2-90,,,22.14024228278612
1030,54.7,,Request Routing for Job,,Machine 6,78.0,
1031,54.7,,Routing Start,,Machine 6,,3.675 Job 선택
1032,54.7,2.0,Routing Finish,Job 2-99,Machine 6,,
1033,54.7,2.0,Work Start,Job 2-99,Machine 6,,
1034,54.73,1.0,Created,Job 1-194,,,
1035,54.73,1.0,Put in Routing Class,Job 1-194,,78.0,
1036,55.38,0.0,Work Finish,Job 0-161,Machine 0,,
1037,55.38,0.0,Completed,Job 0-161,,,0
1038,55.38,,Request Routing for Job,,Machine 0,78.0,
1039,55.38,,Routing Start,,Machine 0,,3.675 Job 선택
1040,55.38,0.0,Routing Finish,Job 0-168,Machine 0,,
1041,55.38,0.0,Work Start,Job 0-168,Machine 0,,
1042,55.62,7.0,Work Finish,Job 7-189,Machine 1,,
1043,55.62,7.0,Completed,Job 7-189,,,18.294931375500795
1044,55.62,,Request Routing for Job,,Machine 1,77.0,
1045,55.62,,Routing Start,,Machine 1,,3.675 Job 선택
1046,55.62,0.0,Routing Finish,Job 0-169,Machine 1,,
1047,55.62,0.0,Work Start,Job 0-169,Machine 1,,
1048,55.86,0.0,Created,Job 0-179,,,
1049,55.86,0.0,Put in Routing Class,Job 0-179,,77.0,
1050,56.12,3.0,Created,Job 3-174,,,
1051,56.12,3.0,Put in Routing Class,Job 3-174,,78.0,
1052,56.13,7.0,Work Finish,Job 7-197,Machine 5,,
1053,56.13,7.0,Completed,Job 7-197,,,13.664892611279214
1054,56.13,,Request Routing for Job,,Machine 5,78.0,
1055,56.13,,Routing Start,,Machine 5,,3.675 Job 선택
1056,56.13,5.0,Routing Finish,Job 5-85,Machine 5,,
1057,56.13,5.0,Work Start,Job 5-85,Machine 5,,
1058,57.4,3.0,Created,Job 3-175,,,
1059,57.4,3.0,Put in Routing Class,Job 3-175,,78.0,
1060,57.88,2.0,Work Finish,Job 2-99,Machine 6,,
1061,57.88,2.0,Completed,Job 2-99,,,22.47721158347578
1062,57.88,,Request Routing for Job,,Machine 6,78.0,
1063,57.88,,Routing Start,,Machine 6,,3.675 Job 선택
1064,57.88,2.0,Routing Finish,Job 2-113,Machine 6,,
1065,57.88,2.0,Work Start,Job 2-113,Machine 6,,
1066,58.03,0.0,Work Finish,Job 0-168,Machine 0,,
1067,58.03,0.0,Completed,Job 0-168,,,0
1068,58.03,,Request Routing for Job,,Machine 0,77.0,
1069,58.03,,Routing Start,,Machine 0,,3.675 Job 선택
1070,58.03,0.0,Routing Finish,Job 0-179,Machine 0,,
1071,58.03,0.0,Work Start,Job 0-179,Machine 0,,
1072,58.42,0.0,Created,Job 0-181,,,
1073,58.42,0.0,Put in Routing Class,Job 0-181,,77.0,
1074,58.48,1.0,Created,Job 1-199,,,
1075,58.48,1.0,Put in Routing Class,Job 1-199,,78.0,
1076,58.64,3.0,Work Finish,Job 3-158,Machine 3,,
1077,58.64,3.0,Completed,Job 3-158,,,0
1078,58.64,,Request Routing for Job,,Machine 3,78.0,
1079,58.64,,Routing Start,,Machine 3,,3.675 Job 선택
1080,58.64,3.0,Routing Finish,Job 3-174,Machine 3,,
1081,58.64,3.0,Work Start,Job 3-174,Machine 3,,
1082,59.07,3.0,Work Finish,Job 3-156,Machine 7,,
1083,59.07,3.0,Completed,Job 3-156,,,0
1084,59.07,,Request Routing for Job,,Machine 7,77.0,
1085,59.07,,Routing Start,,Machine 7,,3.675 Job 선택
1086,59.07,3.0,Routing Finish,Job 3-175,Machine 7,,
1087,59.07,3.0,Work Start,Job 3-175,Machine 7,,
1088,59.55,0.0,Created,Job 0-192,,,
1089,59.55,0.0,Put in Routing Class,Job 0-192,,77.0,
1090,59.82,3.0,Created,Job 3-182,,,
1091,59.82,3.0,Put in Routing Class,Job 3-182,,78.0,
1092,60.06,7.0,Work Finish,Job 7-177,Machine 4,,
1093,60.06,7.0,Completed,Job 7-177,,,24.79306976264597
1094,60.06,,Request Routing for Job,,Machine 4,78.0,
1095,60.06,,Routing Start,,Machine 4,,3.675 Job 선택
1096,60.06,1.0,Routing Finish,Job 1-140,Machine 4,,
1097,60.06,1.0,Work Start,Job 1-140,Machine 4,,
1098,60.67,0.0,Work Finish,Job 0-179,Machine 0,,
1099,60.67,0.0,Completed,Job 0-179,,,0
1100,60.67,,Request Routing for Job,,Machine 0,77.0,
1101,60.67,,Routing Start,,Machine 0,,3.675 Job 선택
1102,60.67,0.0,Routing Finish,Job 0-181,Machine 0,,
1103,60.67,0.0,Work Start,Job 0-181,Machine 0,,
1104,61.06,2.0,Work Finish,Job 2-113,Machine 6,,
1105,61.06,2.0,Completed,Job 2-113,,,24.41387472124927
1106,61.06,,Request Routing for Job,,Machine 6,76.0,
1107,61.06,,Routing Start,,Machine 6,,4.0 Job 선택
1108,61.06,2.0,Routing Finish,Job 2-124,Machine 6,,
1109,61.06,2.0,Work Start,Job 2-124,Machine 6,,
1110,61.14,1.0,Work Finish,Job 1-140,Machine 4,,
1111,61.14,1.0,Completed,Job 1-140,,,6.232099235675612
1112,61.14,,Request Routing for Job,,Machine 4,75.0,
1113,61.14,,Routing Start,,Machine 4,,3.675 Job 선택
1114,61.14,1.0,Routing Finish,Job 1-149,Machine 4,,
1115,61.14,1.0,Work Start,Job 1-149,Machine 4,,
1116,61.33,3.0,Created,Job 3-188,,,
1117,61.33,3.0,Put in Routing Class,Job 3-188,,75.0,
1118,62.23,1.0,Work Finish,Job 1-149,Machine 4,,
1119,62.23,1.0,Completed,Job 1-149,,,5.3935016470737835
1120,62.23,,Request Routing for Job,,Machine 4,75.0,
1121,62.23,,Routing Start,,Machine 4,,4.0 Job 선택
1122,62.23,1.0,Routing Finish,Job 1-153,Machine 4,,
1123,62.23,1.0,Work Start,Job 1-153,Machine 4,,
1124,62.47,0.0,Work Finish,Job 0-169,Machine 1,,
1125,62.47,0.0,Completed,Job 0-169,,,0
1126,62.47,,Request Routing for Job,,Machine 1,74.0,
1127,62.47,,Routing Start,,Machine 1,,3.675 Job 선택
1128,62.47,0.0,Routing Finish,Job 0-192,Machine 1,,
1129,62.47,0.0,Work Start,Job 0-192,Machine 1,,
1130,62.87,3.0,Created,Job 3-195,,,
1131,62.87,3.0,Put in Routing Class,Job 3-195,,74.0,
1132,63.11,5.0,Work Finish,Job 5-85,Machine 5,,
1133,63.11,5.0,Completed,Job 5-85,,,42.98422580489111
1134,63.11,,Request Routing for Job,,Machine 5,74.0,
1135,63.11,,Routing Start,,Machine 5,,3.675 Job 선택
1136,63.11,5.0,Routing Finish,Job 5-102,Machine 5,,
1137,63.11,5.0,Work Start,Job 5-102,Machine 5,,
1138,63.31,1.0,Work Finish,Job 1-153,Machine 4,,
1139,63.31,1.0,Completed,Job 1-153,,,5.352684605521752
1140,63.31,,Request Routing for Job,,Machine 4,73.0,
1141,63.31,,Routing Start,,Machine 4,,4.0 Job 선택
1142,63.31,1.0,Routing Finish,Job 1-163,Machine 4,,
1143,63.31,1.0,Work Start,Job 1-163,Machine 4,,
1144,63.32,0.0,Work Finish,Job 0-181,Machine 0,,
1145,63.32,0.0,Completed,Job 0-181,,,0
1146,63.32,,Request Routing for Job,,Machine 0,72.0,
1147,63.32,,Routing Start,,Machine 0,,3.675 Job 선택
1148,63.32,3.0,Routing Finish,Job 3-182,Machine 0,,
1149,63.32,3.0,Work Start,Job 3-182,Machine 0,,
1150,63.42,3.0,Work Finish,Job 3-174,Machine 3,,
1151,63.42,3.0,Completed,Job 3-174,,,0
1152,63.42,,Request Routing for Job,,Machine 3,71.0,
1153,63.42,,Routing Start,,Machine 3,,3.675 Job 선택
1154,63.42,3.0,Routing Finish,Job 3-188,Machine 3,,
1155,63.42,3.0,Work Start,Job 3-188,Machine 3,,
1156,64.23,2.0,Work Finish,Job 2-124,Machine 6,,
1157,64.23,2.0,Completed,Job 2-124,,,26.265792445967335
1158,64.23,,Request Routing for Job,,Machine 6,70.0,
1159,64.23,,Routing Start,,Machine 6,,3.675 Job 선택
1160,64.23,2.0,Routing Finish,Job 2-136,Machine 6,,
1161,64.23,2.0,Work Start,Job 2-136,Machine 6,,
1162,64.32,3.0,Work Finish,Job 3-182,Machine 0,,
1163,64.32,3.0,Completed,Job 3-182,,,0
1164,64.32,,Request Routing for Job,,Machine 0,69.0,
1165,64.32,,Routing Start,,Machine 0,,4.0 Job 선택
1166,64.32,3.0,Routing Finish,Job 3-195,Machine 0,,
1167,64.32,3.0,Work Start,Job 3-195,Machine 0,,
1168,64.39,1.0,Work Finish,Job 1-163,Machine 4,,
1169,64.39,1.0,Completed,Job 1-163,,,4.947888482144947
1170,64.39,,Request Routing for Job,,Machine 4,68.0,
1171,64.39,,Routing Start,,Machine 4,,3.675 Job 선택
1172,64.39,1.0,Routing Finish,Job 1-164,Machine 4,,
1173,64.39,1.0,Work Start,Job 1-164,Machine 4,,
1174,64.6,3.0,Work Finish,Job 3-175,Machine 7,,
1175,64.6,3.0,Completed,Job 3-175,,,0
1176,64.6,,Request Routing for Job,,Machine 7,67.0,
1177,64.6,,Routing Start,,Machine 7,,3.675 Job 선택
1178,64.6,5.0,Routing Finish,Job 5-105,Machine 7,,
1179,64.6,5.0,Work Start,Job 5-105,Machine 7,,
1180,65.33,3.0,Work Finish,Job 3-195,Machine 0,,
1181,65.33,3.0,Completed,Job 3-195,,,0
1182,65.33,,Request Routing for Job,,Machine 0,66.0,
1183,65.33,,Routing Start,,Machine 0,,3.675 Job 선택
1184,65.33,6.0,Routing Finish,Job 6-5,Machine 0,,
1185,65.33,6.0,Work Start,Job 6-5,Machine 0,,
1186,65.47,1.0,Work Finish,Job 1-164,Machine 4,,
1187,65.47,1.0,Completed,Job 1-164,,,4.951090812072977
1188,65.47,,Request Routing for Job,,Machine 4,65.0,
1189,65.47,,Routing Start,,Machine 4,,3.675 Job 선택
1190,65.47,1.0,Routing Finish,Job 1-180,Machine 4,,
1191,65.47,1.0,Work Start,Job 1-180,Machine 4,,
1192,66.55,1.0,Work Finish,Job 1-180,Machine 4,,
1193,66.55,1.0,Completed,Job 1-180,,,3.8591741636006702
1194,66.55,,Request Routing for Job,,Machine 4,64.0,
1195,66.55,,Routing Start,,Machine 4,,3.675 Job 선택
1196,66.55,1.0,Routing Finish,Job 1-194,Machine 4,,
1197,66.55,1.0,Work Start,Job 1-194,Machine 4,,
1198,66.79,6.0,Work Finish,Job 6-5,Machine 0,,
1199,66.79,6.0,Completed,Job 6-5,,,52.665677420820515
1200,66.79,,Request Routing for Job,,Machine 0,63.0,
1201,66.79,,Routing Start,,Machine 0,,3.675 Job 선택
1202,66.79,6.0,Routing Finish,Job 6-28,Machine 0,,
1203,66.79,6.0,Work Start,Job 6-28,Machine 0,,
1204,67.41,2.0,Work Finish,Job 2-136,Machine 6,,
1205,67.41,2.0,Completed,Job 2-136,,,24.92966235859211
1206,67.41,,Request Routing for Job,,Machine 6,62.0,
1207,67.41,,Routing Start,,Machine 6,,3.675 Job 선택
1208,67.41,2.0,Routing Finish,Job 2-138,Machine 6,,
1209,67.41,2.0,Work Start,Job 2-138,Machine 6,,
1210,67.63,1.0,Work Finish,Job 1-194,Machine 4,,
1211,67.63,1.0,Completed,Job 1-194,,,3.6263959963400936
1212,67.63,,Request Routing for Job,,Machine 4,61.0,
1213,67.63,,Routing Start,,Machine 4,,3.675 Job 선택
1214,67.63,1.0,Routing Finish,Job 1-199,Machine 4,,
1215,67.63,1.0,Work Start,Job 1-199,Machine 4,,
1216,68.2,3.0,Work Finish,Job 3-188,Machine 3,,
1217,68.2,3.0,Completed,Job 3-188,,,0
1218,68.2,,Request Routing for Job,,Machine 3,60.0,
1219,68.2,,Routing Start,,Machine 3,,3.675 Job 선택
1220,68.2,5.0,Routing Finish,Job 5-108,Machine 3,,
1221,68.2,5.0,Work Start,Job 5-108,Machine 3,,
1222,68.25,6.0,Work Finish,Job 6-28,Machine 0,,
1223,68.25,6.0,Completed,Job 6-28,,,52.50987120275403
1224,68.25,,Request Routing for Job,,Machine 0,59.0,
1225,68.25,,Routing Start,,Machine 0,,3.675 Job 선택
1226,68.25,6.0,Routing Finish,Job 6-41,Machine 0,,
1227,68.25,6.0,Work Start,Job 6-41,Machine 0,,
1228,68.71,1.0,Work Finish,Job 1-199,Machine 4,,
1229,68.71,1.0,Completed,Job 1-199,,,0.9647630661812201
1230,68.71,,Request Routing for Job,,Machine 4,58.0,
1231,68.71,,Routing Start,,Machine 4,,3.675 Job 선택
1232,68.71,8.0,Routing Finish,Job 8-22,Machine 4,,
1233,68.71,8.0,Work Start,Job 8-22,Machine 4,,
1234,68.83,5.0,Work Finish,Job 5-66,Machine 2,,
1235,68.83,5.0,Completed,Job 5-66,,,50.18871203430941
1236,68.83,,Request Routing for Job,,Machine 2,57.0,
1237,68.83,,Routing Start,,Machine 2,,3.675 Job 선택
1238,68.83,5.0,Routing Finish,Job 5-120,Machine 2,,
1239,68.83,5.0,Work Start,Job 5-120,Machine 2,,
1240,69.32,0.0,Work Finish,Job 0-192,Machine 1,,
1241,69.32,0.0,Completed,Job 0-192,,,0
1242,69.32,,Request Routing for Job,,Machine 1,56.0,
1243,69.32,,Routing Start,,Machine 1,,3.675 Job 선택
1244,69.32,5.0,Routing Finish,Job 5-122,Machine 1,,
1245,69.32,5.0,Work Start,Job 5-122,Machine 1,,
1246,69.71,6.0,Work Finish,Job 6-41,Machine 0,,
1247,69.71,6.0,Completed,Job 6-41,,,52.173391277721606
1248,69.71,,Request Routing for Job,,Machine 0,55.0,
1249,69.71,,Routing Start,,Machine 0,,3.675 Job 선택
1250,69.71,6.0,Routing Finish,Job 6-47,Machine 0,,
1251,69.71,6.0,Work Start,Job 6-47,Machine 0,,
1252,70.08,5.0,Work Finish,Job 5-102,Machine 5,,
1253,70.08,5.0,Completed,Job 5-102,,,48.74337499065383
1254,70.08,,Request Routing for Job,,Machine 5,54.0,
1255,70.08,,Routing Start,,Machine 5,,3.675 Job 선택
1256,70.08,5.0,Routing Finish,Job 5-148,Machine 5,,
1257,70.08,5.0,Work Start,Job 5-148,Machine 5,,
1258,70.59,2.0,Work Finish,Job 2-138,Machine 6,,
1259,70.59,2.0,Completed,Job 2-138,,,23.743581661954238
1260,70.59,,Request Routing for Job,,Machine 6,53.0,
1261,70.59,,Routing Start,,Machine 6,,3.675 Job 선택
1262,70.59,2.0,Routing Finish,Job 2-144,Machine 6,,
1263,70.59,2.0,Work Start,Job 2-144,Machine 6,,
1264,71.17,6.0,Work Finish,Job 6-47,Machine 0,,
1265,71.17,6.0,Completed,Job 6-47,,,51.72805705917253
1266,71.17,,Request Routing for Job,,Machine 0,52.0,
1267,71.17,,Routing Start,,Machine 0,,3.675 Job 선택
1268,71.17,6.0,Routing Finish,Job 6-53,Machine 0,,
1269,71.17,6.0,Work Start,Job 6-53,Machine 0,,
1270,72.63,6.0,Work Finish,Job 6-53,Machine 0,,
1271,72.63,6.0,Completed,Job 6-53,,,50.562801426463736
1272,72.63,,Request Routing for Job,,Machine 0,51.0,
1273,72.63,,Routing Start,,Machine 0,,3.675 Job 선택
1274,72.63,6.0,Routing Finish,Job 6-57,Machine 0,,
1275,72.63,6.0,Work Start,Job 6-57,Machine 0,,
1276,73.33,5.0,Work Finish,Job 5-105,Machine 7,,
1277,73.33,5.0,Completed,Job 5-105,,,49.2455826575033
1278,73.33,,Request Routing for Job,,Machine 7,50.0,
1279,73.33,,Routing Start,,Machine 7,,3.675 Job 선택
1280,73.33,5.0,Routing Finish,Job 5-167,Machine 7,,
1281,73.33,5.0,Work Start,Job 5-167,Machine 7,,
1282,73.77,2.0,Work Finish,Job 2-144,Machine 6,,
1283,73.77,2.0,Completed,Job 2-144,,,25.755276864260765
1284,73.77,,Request Routing for Job,,Machine 6,49.0,
1285,73.77,,Routing Start,,Machine 6,,3.675 Job 선택
1286,73.77,2.0,Routing Finish,Job 2-172,Machine 6,,
1287,73.77,2.0,Work Start,Job 2-172,Machine 6,,
1288,73.93,8.0,Work Finish,Job 8-22,Machine 4,,
1289,73.93,8.0,Completed,Job 8-22,,,62.8171796820927
1290,73.93,,Request Routing for Job,,Machine 4,48.0,
1291,73.93,,Routing Start,,Machine 4,,3.675 Job 선택
1292,73.93,8.0,Routing Finish,Job 8-93,Machine 4,,
1293,73.93,8.0,Work Start,Job 8-93,Machine 4,,
1294,74.09,6.0,Work Finish,Job 6-57,Machine 0,,
1295,74.09,6.0,Completed,Job 6-57,,,48.65140714824567
1296,74.09,,Request Routing for Job,,Machine 0,47.0,
1297,74.09,,Routing Start,,Machine 0,,3.675 Job 선택
1298,74.09,6.0,Routing Finish,Job 6-59,Machine 0,,
1299,74.09,6.0,Work Start,Job 6-59,Machine 0,,
1300,75.55,6.0,Work Finish,Job 6-59,Machine 0,,
1301,75.55,6.0,Completed,Job 6-59,,,47.90507866282512
1302,75.55,,Request Routing for Job,,Machine 0,46.0,
1303,75.55,,Routing Start,,Machine 0,,3.675 Job 선택
1304,75.55,6.0,Routing Finish,Job 6-69,Machine 0,,
1305,75.55,6.0,Work Start,Job 6-69,Machine 0,,
1306,76.84,5.0,Work Finish,Job 5-122,Machine 1,,
1307,76.84,5.0,Completed,Job 5-122,,,46.62039262474333
1308,76.84,,Request Routing for Job,,Machine 1,45.0,
1309,76.84,,Routing Start,,Machine 1,,3.675 Job 선택
1310,76.84,5.0,Routing Finish,Job 5-186,Machine 1,,
1311,76.84,5.0,Work Start,Job 5-186,Machine 1,,
1312,76.95,2.0,Work Finish,Job 2-172,Machine 6,,
1313,76.95,2.0,Completed,Job 2-172,,,27.87596769642242
1314,76.95,,Request Routing for Job,,Machine 6,44.0,
1315,76.95,,Routing Start,,Machine 6,,3.675 Job 선택
1316,76.95,2.0,Routing Finish,Job 2-176,Machine 6,,
1317,76.95,2.0,Work Start,Job 2-176,Machine 6,,
1318,77.01,6.0,Work Finish,Job 6-69,Machine 0,,
1319,77.01,6.0,Completed,Job 6-69,,,47.45282478493485
1320,77.01,,Request Routing for Job,,Machine 0,43.0,
1321,77.01,,Routing Start,,Machine 0,,3.675 Job 선택
1322,77.01,6.0,Routing Finish,Job 6-70,Machine 0,,
1323,77.01,6.0,Work Start,Job 6-70,Machine 0,,
1324,77.06,5.0,Work Finish,Job 5-148,Machine 5,,
1325,77.06,5.0,Completed,Job 5-148,,,43.46010340781443
1326,77.06,,Request Routing for Job,,Machine 5,42.0,
1327,77.06,,Routing Start,,Machine 5,,3.675 Job 선택
1328,77.06,5.0,Routing Finish,Job 5-193,Machine 5,,
1329,77.06,5.0,Work Start,Job 5-193,Machine 5,,
1330,78.47,6.0,Work Finish,Job 6-70,Machine 0,,
1331,78.47,6.0,Completed,Job 6-70,,,47.45058073669368
1332,78.47,,Request Routing for Job,,Machine 0,41.0,
1333,78.47,,Routing Start,,Machine 0,,3.675 Job 선택
1334,78.47,6.0,Routing Finish,Job 6-75,Machine 0,,
1335,78.47,6.0,Work Start,Job 6-75,Machine 0,,
1336,79.15,8.0,Work Finish,Job 8-93,Machine 4,,
1337,79.15,8.0,Completed,Job 8-93,,,64.1606306127681
1338,79.15,,Request Routing for Job,,Machine 4,40.0,
1339,79.15,,Routing Start,,Machine 4,,3.675 Job 선택
1340,79.15,8.0,Routing Finish,Job 8-103,Machine 4,,
1341,79.15,8.0,Work Start,Job 8-103,Machine 4,,
1342,79.93,6.0,Work Finish,Job 6-75,Machine 0,,
1343,79.93,6.0,Completed,Job 6-75,,,47.77880218903909
1344,79.93,,Request Routing for Job,,Machine 0,39.0,
1345,79.93,,Routing Start,,Machine 0,,3.675 Job 선택
1346,79.93,6.0,Routing Finish,Job 6-88,Machine 0,,
1347,79.93,6.0,Work Start,Job 6-88,Machine 0,,
1348,80.13,2.0,Work Finish,Job 2-176,Machine 6,,
1349,80.13,2.0,Completed,Job 2-176,,,29.724278925251056
1350,80.13,,Request Routing for Job,,Machine 6,38.0,
1351,80.13,,Routing Start,,Machine 6,,3.675 Job 선택
1352,80.13,5.0,Routing Finish,Job 5-198,Machine 6,,
1353,80.13,5.0,Work Start,Job 5-198,Machine 6,,
1354,81.39,6.0,Work Finish,Job 6-88,Machine 0,,
1355,81.39,6.0,Completed,Job 6-88,,,43.94591797564029
1356,81.39,,Request Routing for Job,,Machine 0,37.0,
1357,81.39,,Routing Start,,Machine 0,,3.675 Job 선택
1358,81.39,6.0,Routing Finish,Job 6-109,Machine 0,,
1359,81.39,6.0,Work Start,Job 6-109,Machine 0,,
1360,82.06,5.0,Work Finish,Job 5-167,Machine 7,,
1361,82.06,5.0,Completed,Job 5-167,,,47.45425211300265
1362,82.06,,Request Routing for Job,,Machine 7,36.0,
1363,82.06,,Routing Start,,Machine 7,,3.675 Job 선택
1364,82.06,4.0,Routing Finish,Job 4-6,Machine 7,,
1365,82.06,4.0,Work Start,Job 4-6,Machine 7,,
1366,82.54,5.0,Work Finish,Job 5-108,Machine 3,,
1367,82.54,5.0,Completed,Job 5-108,,,57.30422792088226
1368,82.54,,Request Routing for Job,,Machine 3,35.0,
1369,82.54,,Routing Start,,Machine 3,,3.675 Job 선택
1370,82.54,8.0,Routing Finish,Job 8-130,Machine 3,,
1371,82.54,8.0,Work Start,Job 8-130,Machine 3,,
1372,82.85,6.0,Work Finish,Job 6-109,Machine 0,,
1373,82.85,6.0,Completed,Job 6-109,,,43.76477491080391
1374,82.85,,Request Routing for Job,,Machine 0,34.0,
1375,82.85,,Routing Start,,Machine 0,,3.675 Job 선택
1376,82.85,6.0,Routing Finish,Job 6-111,Machine 0,,
1377,82.85,6.0,Work Start,Job 6-111,Machine 0,,
1378,84.0,4.0,Work Finish,Job 4-6,Machine 7,,
1379,84.0,4.0,Completed,Job 4-6,,,71.5930248378722
1380,84.0,,Request Routing for Job,,Machine 7,33.0,
1381,84.0,,Routing Start,,Machine 7,,3.675 Job 선택
1382,84.0,4.0,Routing Finish,Job 4-12,Machine 7,,
1383,84.0,4.0,Work Start,Job 4-12,Machine 7,,
1384,84.04,5.0,Work Finish,Job 5-193,Machine 5,,
1385,84.04,5.0,Completed,Job 5-193,,,45.655277603834676
1386,84.04,,Request Routing for Job,,Machine 5,32.0,
1387,84.04,,Routing Start,,Machine 5,,3.675 Job 선택
1388,84.04,6.0,Routing Finish,Job 6-134,Machine 5,,
1389,84.04,6.0,Work Start,Job 6-134,Machine 5,,
1390,84.31,6.0,Work Finish,Job 6-111,Machine 0,,
1391,84.31,6.0,Completed,Job 6-111,,,43.30536030994237
1392,84.31,,Request Routing for Job,,Machine 0,31.0,
1393,84.31,,Routing Start,,Machine 0,,3.675 Job 선택
1394,84.31,6.0,Routing Finish,Job 6-152,Machine 0,,
1395,84.31,6.0,Work Start,Job 6-152,Machine 0,,
1396,84.36,5.0,Work Finish,Job 5-186,Machine 1,,
1397,84.36,5.0,Completed,Job 5-186,,,47.02806820451379
1398,84.36,,Request Routing for Job,,Machine 1,30.0,
1399,84.36,,Routing Start,,Machine 1,,3.675 Job 선택
1400,84.36,8.0,Routing Finish,Job 8-143,Machine 1,,
1401,84.36,8.0,Work Start,Job 8-143,Machine 1,,
1402,84.37,8.0,Work Finish,Job 8-103,Machine 4,,
1403,84.37,8.0,Completed,Job 8-103,,,68.26767008414862
1404,84.37,,Request Routing for Job,,Machine 4,29.0,
1405,84.37,,Routing Start,,Machine 4,,3.675 Job 선택
1406,84.37,8.0,Routing Finish,Job 8-147,Machine 4,,
1407,84.37,8.0,Work Start,Job 8-147,Machine 4,,
1408,85.45,5.0,Work Finish,Job 5-198,Machine 6,,
1409,85.45,5.0,Completed,Job 5-198,,,41.970979072581436
1410,85.45,,Request Routing for Job,,Machine 6,28.0,
1411,85.45,,Routing Start,,Machine 6,,3.675 Job 선택
1412,85.45,8.0,Routing Finish,Job 8-166,Machine 6,,
1413,85.45,8.0,Work Start,Job 8-166,Machine 6,,
1414,85.77,6.0,Work Finish,Job 6-152,Machine 0,,
1415,85.77,6.0,Completed,Job 6-152,,,40.960708310469144
1416,85.77,,Request Routing for Job,,Machine 0,27.0,
1417,85.77,,Routing Start,,Machine 0,,3.675 Job 선택
1418,85.77,6.0,Routing Finish,Job 6-154,Machine 0,,
1419,85.77,6.0,Work Start,Job 6-154,Machine 0,,
1420,85.94,4.0,Work Finish,Job 4-12,Machine 7,,
1421,85.94,4.0,Completed,Job 4-12,,,72.41815814269938
1422,85.94,,Request Routing for Job,,Machine 7,26.0,
1423,85.94,,Routing Start,,Machine 7,,3.675 Job 선택
1424,85.94,4.0,Routing Finish,Job 4-20,Machine 7,,
1425,85.94,4.0,Work Start,Job 4-20,Machine 7,,
1426,86.1,5.0,Work Finish,Job 5-120,Machine 2,,
1427,86.1,5.0,Completed,Job 5-120,,,57.78286761504441
1428,86.1,,Request Routing for Job,,Machine 2,25.0,
1429,86.1,,Routing Start,,Machine 2,,3.675 Job 선택
1430,86.1,8.0,Routing Finish,Job 8-173,Machine 2,,
1431,86.1,8.0,Work Start,Job 8-173,Machine 2,,
1432,86.57,6.0,Work Finish,Job 6-134,Machine 5,,
1433,86.57,6.0,Completed,Job 6-134,,,42.81509849468967
1434,86.57,,Request Routing for Job,,Machine 5,24.0,
1435,86.57,,Routing Start,,Machine 5,,3.675 Job 선택
1436,86.57,6.0,Routing Finish,Job 6-162,Machine 5,,
1437,86.57,6.0,Work Start,Job 6-162,Machine 5,,
1438,87.23,6.0,Work Finish,Job 6-154,Machine 0,,
1439,87.23,6.0,Completed,Job 6-154,,,38.80505575624033
1440,87.23,,Request Routing for Job,,Machine 0,23.0,
1441,87.23,,Routing Start,,Machine 0,,3.675 Job 선택
1442,87.23,6.0,Routing Finish,Job 6-170,Machine 0,,
1443,87.23,6.0,Work Start,Job 6-170,Machine 0,,
1444,87.88,4.0,Work Finish,Job 4-20,Machine 7,,
1445,87.88,4.0,Completed,Job 4-20,,,71.93130283492927
1446,87.88,,Request Routing for Job,,Machine 7,22.0,
1447,87.88,,Routing Start,,Machine 7,,3.675 Job 선택
1448,87.88,4.0,Routing Finish,Job 4-31,Machine 7,,
1449,87.88,4.0,Work Start,Job 4-31,Machine 7,,
1450,88.69,6.0,Work Finish,Job 6-170,Machine 0,,
1451,88.69,6.0,Completed,Job 6-170,,,34.293471366163814
1452,88.69,,Request Routing for Job,,Machine 0,21.0,
1453,88.69,,Routing Start,,Machine 0,,3.675 Job 선택
1454,88.69,6.0,Routing Finish,Job 6-184,Machine 0,,
1455,88.69,6.0,Work Start,Job 6-184,Machine 0,,
1456,88.82,8.0,Work Finish,Job 8-166,Machine 6,,
1457,88.82,8.0,Completed,Job 8-166,,,65.86200392998413
1458,88.82,,Request Routing for Job,,Machine 6,20.0,
1459,88.82,,Routing Start,,Machine 6,,3.675 Job 선택
1460,88.82,8.0,Routing Finish,Job 8-178,Machine 6,,
1461,88.82,8.0,Work Start,Job 8-178,Machine 6,,
1462,89.1,6.0,Work Finish,Job 6-162,Machine 5,,
1463,89.1,6.0,Completed,Job 6-162,,,37.59639541025221
1464,89.1,,Request Routing for Job,,Machine 5,19.0,
1465,89.1,,Routing Start,,Machine 5,,3.675 Job 선택
1466,89.1,6.0,Routing Finish,Job 6-185,Machine 5,,
1467,89.1,6.0,Work Start,Job 6-185,Machine 5,,
1468,89.59,8.0,Work Finish,Job 8-147,Machine 4,,
1469,89.59,8.0,Completed,Job 8-147,,,69.6340309633706
1470,89.59,,Request Routing for Job,,Machine 4,18.0,
1471,89.59,,Routing Start,,Machine 4,,3.675 Job 선택
1472,89.59,6.0,Routing Finish,Job 6-190,Machine 4,,
1473,89.59,6.0,Work Start,Job 6-190,Machine 4,,
1474,89.82,4.0,Work Finish,Job 4-31,Machine 7,,
1475,89.82,4.0,Completed,Job 4-31,,,72.25754445611372
1476,89.82,,Request Routing for Job,,Machine 7,17.0,
1477,89.82,,Routing Start,,Machine 7,,3.675 Job 선택
1478,89.82,4.0,Routing Finish,Job 4-33,Machine 7,,
1479,89.82,4.0,Work Start,Job 4-33,Machine 7,,
1480,90.06,8.0,Work Finish,Job 8-143,Machine 1,,
1481,90.06,8.0,Completed,Job 8-143,,,71.11570414781428
1482,90.06,,Request Routing for Job,,Machine 1,16.0,
1483,90.06,,Routing Start,,Machine 1,,3.675 Job 선택
1484,90.06,4.0,Routing Finish,Job 4-37,Machine 1,,
1485,90.06,4.0,Work Start,Job 4-37,Machine 1,,
1486,90.16,6.0,Work Finish,Job 6-184,Machine 0,,
1487,90.16,6.0,Completed,Job 6-184,,,34.7348100902646
1488,90.16,,Request Routing for Job,,Machine 0,15.0,
1489,90.16,,Routing Start,,Machine 0,,3.675 Job 선택
1490,90.16,4.0,Routing Finish,Job 4-42,Machine 0,,
1491,90.16,4.0,Work Start,Job 4-42,Machine 0,,
1492,91.63,6.0,Work Finish,Job 6-185,Machine 5,,
1493,91.63,6.0,Completed,Job 6-185,,,34.40302550189031
1494,91.63,,Request Routing for Job,,Machine 5,14.0,
1495,91.63,,Routing Start,,Machine 5,,3.675 Job 선택
1496,91.63,4.0,Routing Finish,Job 4-44,Machine 5,,
1497,91.63,4.0,Work Start,Job 4-44,Machine 5,,
1498,91.76,4.0,Work Finish,Job 4-33,Machine 7,,
1499,91.76,4.0,Completed,Job 4-33,,,71.00604534808173
1500,91.76,,Request Routing for Job,,Machine 7,13.0,
1501,91.76,,Routing Start,,Machine 7,,3.675 Job 선택
1502,91.76,4.0,Routing Finish,Job 4-45,Machine 7,,
1503,91.76,4.0,Work Start,Job 4-45,Machine 7,,
1504,92.19,8.0,Work Finish,Job 8-178,Machine 6,,
1505,92.19,8.0,Completed,Job 8-178,,,64.79275306049811
1506,92.19,,Request Routing for Job,,Machine 6,12.0,
1507,92.19,,Routing Start,,Machine 6,,3.675 Job 선택
1508,92.19,4.0,Routing Finish,Job 4-48,Machine 6,,
1509,92.19,4.0,Work Start,Job 4-48,Machine 6,,
1510,93.7,4.0,Work Finish,Job 4-45,Machine 7,,
1511,93.7,4.0,Completed,Job 4-45,,,64.17891494472923
1512,93.7,,Request Routing for Job,,Machine 7,11.0,
1513,93.7,,Routing Start,,Machine 7,,3.675 Job 선택
1514,93.7,4.0,Routing Finish,Job 4-60,Machine 7,,
1515,93.7,4.0,Work Start,Job 4-60,Machine 7,,
1516,94.63,4.0,Work Finish,Job 4-37,Machine 1,,
1517,94.63,4.0,Completed,Job 4-37,,,72.05627335828835
1518,94.63,,Request Routing for Job,,Machine 1,10.0,
1519,94.63,,Routing Start,,Machine 1,,3.675 Job 선택
1520,94.63,4.0,Routing Finish,Job 4-83,Machine 1,,
1521,94.63,4.0,Work Start,Job 4-83,Machine 1,,
1522,94.87,8.0,Work Finish,Job 8-173,Machine 2,,
1523,94.87,8.0,Completed,Job 8-173,,,68.70669935876126
1524,94.87,,Request Routing for Job,,Machine 2,9.0,
1525,94.87,,Routing Start,,Machine 2,,3.675 Job 선택
1526,94.87,4.0,Routing Finish,Job 4-95,Machine 2,,
1527,94.87,4.0,Work Start,Job 4-95,Machine 2,,
1528,95.18,4.0,Work Finish,Job 4-44,Machine 5,,
1529,95.18,4.0,Completed,Job 4-44,,,69.81683967642402
1530,95.18,,Request Routing for Job,,Machine 5,8.0,
1531,95.18,,Routing Start,,Machine 5,,3.675 Job 선택
1532,95.18,4.0,Routing Finish,Job 4-115,Machine 5,,
1533,95.18,4.0,Work Start,Job 4-115,Machine 5,,
1534,95.64,4.0,Work Finish,Job 4-60,Machine 7,,
1535,95.64,4.0,Completed,Job 4-60,,,62.97495597935921
1536,95.64,,Request Routing for Job,,Machine 7,7.0,
1537,95.64,,Routing Start,,Machine 7,,3.675 Job 선택
1538,95.64,4.0,Routing Finish,Job 4-118,Machine 7,,
1539,95.64,4.0,Work Start,Job 4-118,Machine 7,,
1540,96.08,8.0,Work Finish,Job 8-130,Machine 3,,
1541,96.08,8.0,Completed,Job 8-130,,,78.4334378270411
1542,96.08,,Request Routing for Job,,Machine 3,6.0,
1543,96.08,,Routing Start,,Machine 3,,3.675 Job 선택
1544,96.08,4.0,Routing Finish,Job 4-129,Machine 3,,
1545,96.08,4.0,Work Start,Job 4-129,Machine 3,,
1546,97.58,4.0,Work Finish,Job 4-118,Machine 7,,
1547,97.58,4.0,Completed,Job 4-118,,,56.069008015481714
1548,97.58,,Request Routing for Job,,Machine 7,5.0,
1549,97.58,,Routing Start,,Machine 7,,3.675 Job 선택
1550,97.58,4.0,Routing Finish,Job 4-141,Machine 7,,
1551,97.58,4.0,Work Start,Job 4-141,Machine 7,,
1552,98.74,4.0,Work Finish,Job 4-115,Machine 5,,
1553,98.74,4.0,Completed,Job 4-115,,,60.03373162498074
1554,98.74,,Request Routing for Job,,Machine 5,4.0,
1555,98.74,,Routing Start,,Machine 5,,3.675 Job 선택
1556,98.74,4.0,Routing Finish,Job 4-145,Machine 5,,
1557,98.74,4.0,Work Start,Job 4-145,Machine 5,,
1558,99.21,4.0,Work Finish,Job 4-83,Machine 1,,
1559,99.21,4.0,Completed,Job 4-83,,,65.50917389040941
1560,99.21,,Request Routing for Job,,Machine 1,3.0,
1561,99.21,,Routing Start,,Machine 1,,3.675 Job 선택
1562,99.21,4.0,Routing Finish,Job 4-159,Machine 1,,
1563,99.21,4.0,Work Start,Job 4-159,Machine 1,,
1564,99.52,4.0,Work Finish,Job 4-141,Machine 7,,
1565,99.52,4.0,Completed,Job 4-141,,,55.241927595891
1566,99.52,,Request Routing for Job,,Machine 7,2.0,
1567,99.52,,Routing Start,,Machine 7,,3.675 Job 선택
1568,99.52,4.0,Routing Finish,Job 4-187,Machine 7,,
1569,99.52,4.0,Work Start,Job 4-187,Machine 7,,
1570,99.93,4.0,Work Finish,Job 4-42,Machine 0,,
1571,99.93,4.0,Completed,Job 4-42,,,75.95936407529067
1572,99.93,,Request Routing for Job,,Machine 0,1.0,
1573,99.93,,Routing Start,,Machine 0,,3.675 Job 선택
1574,99.93,4.0,Routing Finish,Job 4-196,Machine 0,,
1575,99.93,4.0,Work Start,Job 4-196,Machine 0,,
1576,101.46,4.0,Work Finish,Job 4-187,Machine 7,,
1577,101.46,4.0,Completed,Job 4-187,,,48.76608896625558
1578,102.29,4.0,Work Finish,Job 4-145,Machine 5,,
1579,102.29,4.0,Completed,Job 4-145,,,56.8137995735042
1580,103.02,4.0,Work Finish,Job 4-48,Machine 6,,
1581,103.02,4.0,Completed,Job 4-48,,,71.87357218254029
1582,103.78,4.0,Work Finish,Job 4-159,Machine 1,,
1583,103.78,4.0,Completed,Job 4-159,,,53.115576267220824
1584,105.06,6.0,Work Finish,Job 6-190,Machine 4,,
1585,105.06,6.0,Completed,Job 6-190,,,46.78382480351532
1586,106.28,4.0,Work Finish,Job 4-129,Machine 3,,
1587,106.28,4.0,Completed,Job 4-129,,,63.54164385137156
1588,106.99,4.0,Work Finish,Job 4-95,Machine 2,,
1589,106.99,4.0,Completed,Job 4-95,,,71.84095847718237
1590,109.71,4.0,Work Finish,Job 4-196,Machine 0,,
1591,109.71,4.0,Completed,Job 4-196,,,54.25336041575181
